# 2026-09-23 11:14:52 KST  >>> s 2.0 10 10
START: current position = 0 deg.
P SET Kp=2.0000, Ki=0.0000, Kd=0.0000, speed_limit_deg_s=10.000, angle_deg=10.000
Run timeout [s]: 60.0
target_deg:0.000	position_deg:0.088	error_deg:-0.088	p_deg_s:0.000	i_deg_s:0.000	d_deg_s:0.000	pid_deg_s:0.000	speed_deg_s:0.000	u_deg_s:0.000	v_limit_deg_s:10.000	dt_ms:10.000	kp:2.0000	ki:0.0000	kd:0.0000	t_s:0.100
target_deg:0.000	position_deg:0.000	error_deg:0.000	p_deg_s:0.000	i_deg_s:0.000	d_deg_s:0.000	pid_deg_s:0.000	speed_deg_s:0.000	u_deg_s:0.000	v_limit_deg_s:10.000	dt_ms:10.001	kp:2.0000	ki:0.0000	kd:0.0000	t_s:0.200
target_deg:0.000	position_deg:0.088	error_deg:-0.088	p_deg_s:0.000	i_deg_s:0.000	d_deg_s:0.000	pid_deg_s:0.000	speed_deg_s:0.000	u_deg_s:0.000	v_limit_deg_s:10.000	dt_ms:10.000	kp:2.0000	ki:0.0000	kd:0.0000	t_s:0.300
target_deg:0.000	position_deg:0.088	error_deg:-0.088	p_deg_s:0.000	i_deg_s:0.000	d_deg_s:0.000	pid_deg_s:0.000	speed_deg_s:0.000	u_deg_s:0.000	v_limit_deg_s:10.000	dt_ms:10.001	kp:2.0000	ki:0.0000	kd:0.0000	t_s:0.400
target_deg:0.000	position_deg:0.000	error_deg:0.000	p_deg_s:0.000	i_deg_s:0.000	d_deg_s:0.000	pid_deg_s:0.000	speed_deg_s:0.000	u_deg_s:0.000	v_limit_deg_s:10.000	dt_ms:10.001	kp:2.0000	ki:0.0000	kd:0.0000	t_s:0.500
target_deg:0.000	position_deg:0.088	error_deg:-0.088	p_deg_s:0.000	i_deg_s:0.000	d_deg_s:0.000	pid_deg_s:0.000	speed_deg_s:0.000	u_deg_s:0.000	v_limit_deg_s:10.000	dt_ms:10.000	kp:2.0000	ki:0.0000	kd:0.0000	t_s:0.600
target_deg:0.000	position_deg:0.088	error_deg:-0.088	p_deg_s:0.000	i_deg_s:0.000	d_deg_s:0.000	pid_deg_s:0.000	speed_deg_s:0.000	u_deg_s:0.000	v_limit_deg_s:10.000	dt_ms:10.001	kp:2.0000	ki:0.0000	kd:0.0000	t_s:0.700
target_deg:0.000	position_deg:0.088	error_deg:-0.088	p_deg_s:0.000	i_deg_s:0.000	d_deg_s:0.000	pid_deg_s:0.000	speed_deg_s:0.000	u_deg_s:0.000	v_limit_deg_s:10.000	dt_ms:10.000	kp:2.0000	ki:0.0000	kd:0.0000	t_s:0.800
target_deg:0.000	position_deg:0.088	error_deg:-0.088	p_deg_s:0.000	i_deg_s:0.000	d_deg_s:0.000	pid_deg_s:0.000	speed_deg_s:0.000	u_deg_s:0.000	v_limit_deg_s:10.000	dt_ms:10.000	kp:2.0000	ki:0.0000	kd:0.0000	t_s:0.900
target_deg:0.000	position_deg:0.088	error_deg:-0.088	p_deg_s:0.000	i_deg_s:0.000	d_deg_s:0.000	pid_deg_s:0.000	speed_deg_s:0.000	u_deg_s:0.000	v_limit_deg_s:10.000	dt_ms:10.001	kp:2.0000	ki:0.0000	kd:0.0000	t_s:1.000
target_deg:0.000	position_deg:0.088	error_deg:-0.088	p_deg_s:0.000	i_deg_s:0.000	d_deg_s:0.000	pid_deg_s:0.000	speed_deg_s:0.000	u_deg_s:0.000	v_limit_deg_s:10.000	dt_ms:10.001	kp:2.0000	ki:0.0000	kd:0.0000	t_s:1.100
target_deg:0.000	position_deg:0.088	error_deg:-0.088	p_deg_s:0.000	i_deg_s:0.000	d_deg_s:0.000	pid_deg_s:0.000	speed_deg_s:0.000	u_deg_s:0.000	v_limit_deg_s:10.000	dt_ms:10.000	kp:2.0000	ki:0.0000	kd:0.0000	t_s:1.200
target_deg:0.000	position_deg:0.000	error_deg:0.000	p_deg_s:0.000	i_deg_s:0.000	d_deg_s:0.000	pid_deg_s:0.000	speed_deg_s:0.000	u_deg_s:0.000	v_limit_deg_s:10.000	dt_ms:10.000	kp:2.0000	ki:0.0000	kd:0.0000	t_s:1.300
target_deg:0.000	position_deg:0.088	error_deg:-0.088	p_deg_s:0.000	i_deg_s:0.000	d_deg_s:0.000	pid_deg_s:0.000	speed_deg_s:0.000	u_deg_s:0.000	v_limit_deg_s:10.000	dt_ms:10.001	kp:2.0000	ki:0.0000	kd:0.0000	t_s:1.400
target_deg:0.000	position_deg:0.088	error_deg:-0.088	p_deg_s:0.000	i_deg_s:0.000	d_deg_s:0.000	pid_deg_s:0.000	speed_deg_s:0.000	u_deg_s:0.000	v_limit_deg_s:10.000	dt_ms:10.000	kp:2.0000	ki:0.0000	kd:0.0000	t_s:1.500
target_deg:0.000	position_deg:0.088	error_deg:-0.088	p_deg_s:0.000	i_deg_s:0.000	d_deg_s:0.000	pid_deg_s:0.000	speed_deg_s:0.000	u_deg_s:0.000	v_limit_deg_s:10.000	dt_ms:10.001	kp:2.0000	ki:0.0000	kd:0.0000	t_s:1.600
target_deg:0.000	position_deg:0.088	error_deg:-0.088	p_deg_s:0.000	i_deg_s:0.000	d_deg_s:0.000	pid_deg_s:0.000	speed_deg_s:0.000	u_deg_s:0.000	v_limit_deg_s:10.000	dt_ms:10.000	kp:2.0000	ki:0.0000	kd:0.0000	t_s:1.700
target_deg:0.000	position_deg:0.088	error_deg:-0.088	p_deg_s:0.000	i_deg_s:0.000	d_deg_s:0.000	pid_deg_s:0.000	speed_deg_s:0.000	u_deg_s:0.000	v_limit_deg_s:10.000	dt_ms:10.001	kp:2.0000	ki:0.0000	kd:0.0000	t_s:1.800
target_deg:0.000	position_deg:0.088	error_deg:-0.088	p_deg_s:0.000	i_deg_s:0.000	d_deg_s:0.000	pid_deg_s:0.000	speed_deg_s:0.000	u_deg_s:0.000	v_limit_deg_s:10.000	dt_ms:10.000	kp:2.0000	ki:0.0000	kd:0.0000	t_s:1.900
target_deg:10.000	position_deg:0.088	error_deg:9.912	p_deg_s:19.824	i_deg_s:0.000	d_deg_s:0.000	pid_deg_s:19.824	speed_deg_s:0.000	u_deg_s:9.618	v_limit_deg_s:10.000	dt_ms:10.000	kp:2.0000	ki:0.0000	kd:0.0000	t_s:2.000
target_deg:10.000	position_deg:0.264	error_deg:9.736	p_deg_s:19.473	i_deg_s:0.000	d_deg_s:0.000	pid_deg_s:19.473	speed_deg_s:0.000	u_deg_s:9.618	v_limit_deg_s:10.000	dt_ms:10.000	kp:2.0000	ki:0.0000	kd:0.0000	t_s:2.100
target_deg:10.000	position_deg:1.143	error_deg:8.857	p_deg_s:17.715	i_deg_s:0.000	d_deg_s:0.000	pid_deg_s:17.715	speed_deg_s:8.244	u_deg_s:9.618	v_limit_deg_s:10.000	dt_ms:10.000	kp:2.0000	ki:0.0000	kd:0.0000	t_s:2.200
target_deg:10.000	position_deg:2.197	error_deg:7.803	p_deg_s:15.605	i_deg_s:0.000	d_deg_s:0.000	pid_deg_s:15.605	speed_deg_s:9.618	u_deg_s:9.618	v_limit_deg_s:10.000	dt_ms:10.000	kp:2.0000	ki:0.0000	kd:0.0000	t_s:2.300
target_deg:10.000	position_deg:3.076	error_deg:6.924	p_deg_s:13.848	i_deg_s:0.000	d_deg_s:0.000	pid_deg_s:13.848	speed_deg_s:9.618	u_deg_s:9.618	v_limit_deg_s:10.000	dt_ms:10.000	kp:2.0000	ki:0.0000	kd:0.0000	t_s:2.400
target_deg:10.000	position_deg:4.219	error_deg:5.781	p_deg_s:11.562	i_deg_s:0.000	d_deg_s:0.000	pid_deg_s:11.562	speed_deg_s:9.618	u_deg_s:9.618	v_limit_deg_s:10.000	dt_ms:10.000	kp:2.0000	ki:0.0000	kd:0.0000	t_s:2.500
target_deg:10.000	position_deg:5.186	error_deg:4.814	p_deg_s:9.629	i_deg_s:0.000	d_deg_s:0.000	pid_deg_s:9.629	speed_deg_s:9.618	u_deg_s:9.618	v_limit_deg_s:10.000	dt_ms:10.000	kp:2.0000	ki:0.0000	kd:0.0000	t_s:2.600
target_deg:10.000	position_deg:6.064	error_deg:3.936	p_deg_s:7.871	i_deg_s:0.000	d_deg_s:0.000	pid_deg_s:7.871	speed_deg_s:8.244	u_deg_s:8.244	v_limit_deg_s:10.000	dt_ms:10.001	kp:2.0000	ki:0.0000	kd:0.0000	t_s:2.700
target_deg:10.000	position_deg:6.768	error_deg:3.232	p_deg_s:6.465	i_deg_s:0.000	d_deg_s:0.000	pid_deg_s:6.465	speed_deg_s:6.870	u_deg_s:6.870	v_limit_deg_s:10.000	dt_ms:10.000	kp:2.0000	ki:0.0000	kd:0.0000	t_s:2.800
target_deg:10.000	position_deg:7.383	error_deg:2.617	p_deg_s:5.234	i_deg_s:0.000	d_deg_s:0.000	pid_deg_s:5.234	speed_deg_s:5.496	u_deg_s:5.496	v_limit_deg_s:10.000	dt_ms:10.000	kp:2.0000	ki:0.0000	kd:0.0000	t_s:2.900
target_deg:10.000	position_deg:7.998	error_deg:2.002	p_deg_s:4.004	i_deg_s:0.000	d_deg_s:0.000	pid_deg_s:4.004	speed_deg_s:5.496	u_deg_s:4.122	v_limit_deg_s:10.000	dt_ms:10.000	kp:2.0000	ki:0.0000	kd:0.0000	t_s:3.000
target_deg:10.000	position_deg:8.438	error_deg:1.562	p_deg_s:3.125	i_deg_s:0.000	d_deg_s:0.000	pid_deg_s:3.125	speed_deg_s:2.748	u_deg_s:2.748	v_limit_deg_s:10.000	dt_ms:10.000	kp:2.0000	ki:0.0000	kd:0.0000	t_s:3.100
target_deg:10.000	position_deg:8.613	error_deg:1.387	p_deg_s:2.773	i_deg_s:0.000	d_deg_s:0.000	pid_deg_s:2.773	speed_deg_s:2.748	u_deg_s:2.748	v_limit_deg_s:10.000	dt_ms:10.000	kp:2.0000	ki:0.0000	kd:0.0000	t_s:3.200
target_deg:10.000	position_deg:8.965	error_deg:1.035	p_deg_s:2.070	i_deg_s:0.000	d_deg_s:0.000	pid_deg_s:2.070	speed_deg_s:1.374	u_deg_s:2.748	v_limit_deg_s:10.000	dt_ms:10.000	kp:2.0000	ki:0.0000	kd:0.0000	t_s:3.300
target_deg:10.000	position_deg:9.053	error_deg:0.947	p_deg_s:1.895	i_deg_s:0.000	d_deg_s:0.000	pid_deg_s:1.895	speed_deg_s:0.000	u_deg_s:1.374	v_limit_deg_s:10.000	dt_ms:10.000	kp:2.0000	ki:0.0000	kd:0.0000	t_s:3.400
target_deg:10.000	position_deg:9.229	error_deg:0.771	p_deg_s:1.543	i_deg_s:0.000	d_deg_s:0.000	pid_deg_s:1.543	speed_deg_s:1.374	u_deg_s:1.374	v_limit_deg_s:10.000	dt_ms:10.000	kp:2.0000	ki:0.0000	kd:0.0000	t_s:3.500
target_deg:10.000	position_deg:9.404	error_deg:0.596	p_deg_s:1.191	i_deg_s:0.000	d_deg_s:0.000	pid_deg_s:1.191	speed_deg_s:0.000	u_deg_s:1.374	v_limit_deg_s:10.000	dt_ms:10.000	kp:2.0000	ki:0.0000	kd:0.0000	t_s:3.600
target_deg:10.000	position_deg:9.492	error_deg:0.508	p_deg_s:1.016	i_deg_s:0.000	d_deg_s:0.000	pid_deg_s:1.016	speed_deg_s:0.000	u_deg_s:1.374	v_limit_deg_s:10.000	dt_ms:10.001	kp:2.0000	ki:0.0000	kd:0.0000	t_s:3.700
target_deg:10.000	position_deg:9.580	error_deg:0.420	p_deg_s:0.840	i_deg_s:0.000	d_deg_s:0.000	pid_deg_s:0.840	speed_deg_s:0.000	u_deg_s:1.374	v_limit_deg_s:10.000	dt_ms:10.000	kp:2.0000	ki:0.0000	kd:0.0000	t_s:3.800
target_deg:10.000	position_deg:9.756	error_deg:0.244	p_deg_s:0.488	i_deg_s:0.000	d_deg_s:0.000	pid_deg_s:0.488	speed_deg_s:1.374	u_deg_s:0.000	v_limit_deg_s:10.000	dt_ms:10.002	kp:2.0000	ki:0.0000	kd:0.0000	t_s:3.900
target_deg:10.000	position_deg:9.756	error_deg:0.244	p_deg_s:0.488	i_deg_s:0.000	d_deg_s:0.000	pid_deg_s:0.488	speed_deg_s:0.000	u_deg_s:0.000	v_limit_deg_s:10.000	dt_ms:10.000	kp:2.0000	ki:0.0000	kd:0.0000	t_s:4.000
target_deg:10.000	position_deg:9.756	error_deg:0.244	p_deg_s:0.488	i_deg_s:0.000	d_deg_s:0.000	pid_deg_s:0.488	speed_deg_s:0.000	u_deg_s:0.000	v_limit_deg_s:10.000	dt_ms:10.001	kp:2.0000	ki:0.0000	kd:0.0000	t_s:4.100
target_deg:10.000	position_deg:9.756	error_deg:0.244	p_deg_s:0.488	i_deg_s:0.000	d_deg_s:0.000	pid_deg_s:0.488	speed_deg_s:0.000	u_deg_s:0.000	v_limit_deg_s:10.000	dt_ms:10.001	kp:2.0000	ki:0.0000	kd:0.0000	t_s:4.200
target_deg:10.000	position_deg:9.756	error_deg:0.244	p_deg_s:0.488	i_deg_s:0.000	d_deg_s:0.000	pid_deg_s:0.488	speed_deg_s:0.000	u_deg_s:0.000	v_limit_deg_s:10.000	dt_ms:10.002	kp:2.0000	ki:0.0000	kd:0.0000	t_s:4.300
target_deg:10.000	position_deg:9.756	error_deg:0.244	p_deg_s:0.488	i_deg_s:0.000	d_deg_s:0.000	pid_deg_s:0.488	speed_deg_s:0.000	u_deg_s:0.000	v_limit_deg_s:10.000	dt_ms:10.001	kp:2.0000	ki:0.0000	kd:0.0000	t_s:4.400
target_deg:10.000	position_deg:9.668	error_deg:0.332	p_deg_s:0.664	i_deg_s:0.000	d_deg_s:0.000	pid_deg_s:0.664	speed_deg_s:0.000	u_deg_s:0.000	v_limit_deg_s:10.000	dt_ms:10.000	kp:2.0000	ki:0.0000	kd:0.0000	t_s:4.500
target_deg:10.000	position_deg:9.756	error_deg:0.244	p_deg_s:0.488	i_deg_s:0.000	d_deg_s:0.000	pid_deg_s:0.488	speed_deg_s:0.000	u_deg_s:0.000	v_limit_deg_s:10.000	dt_ms:10.001	kp:2.0000	ki:0.0000	kd:0.0000	t_s:4.600
target_deg:10.000	position_deg:9.756	error_deg:0.244	p_deg_s:0.488	i_deg_s:0.000	d_deg_s:0.000	pid_deg_s:0.488	speed_deg_s:0.000	u_deg_s:0.000	v_limit_deg_s:10.000	dt_ms:10.002	kp:2.0000	ki:0.0000	kd:0.0000	t_s:4.700
target_deg:10.000	position_deg:9.756	error_deg:0.244	p_deg_s:0.488	i_deg_s:0.000	d_deg_s:0.000	pid_deg_s:0.488	speed_deg_s:0.000	u_deg_s:0.000	v_limit_deg_s:10.000	dt_ms:10.002	kp:2.0000	ki:0.0000	kd:0.0000	t_s:4.800
target_deg:10.000	position_deg:9.756	error_deg:0.244	p_deg_s:0.488	i_deg_s:0.000	d_deg_s:0.000	pid_deg_s:0.488	speed_deg_s:0.000	u_deg_s:0.000	v_limit_deg_s:10.000	dt_ms:10.002	kp:2.0000	ki:0.0000	kd:0.0000	t_s:4.900
target_deg:10.000	position_deg:9.756	error_deg:0.244	p_deg_s:0.488	i_deg_s:0.000	d_deg_s:0.000	pid_deg_s:0.488	speed_deg_s:0.000	u_deg_s:0.000	v_limit_deg_s:10.000	dt_ms:10.001	kp:2.0000	ki:0.0000	kd:0.0000	t_s:5.000
target_deg:10.000	position_deg:9.756	error_deg:0.244	p_deg_s:0.488	i_deg_s:0.000	d_deg_s:0.000	pid_deg_s:0.488	speed_deg_s:0.000	u_deg_s:0.000	v_limit_deg_s:10.000	dt_ms:10.000	kp:2.0000	ki:0.0000	kd:0.0000	t_s:5.100
target_deg:10.000	position_deg:9.756	error_deg:0.244	p_deg_s:0.488	i_deg_s:0.000	d_deg_s:0.000	pid_deg_s:0.488	speed_deg_s:0.000	u_deg_s:0.000	v_limit_deg_s:10.000	dt_ms:10.001	kp:2.0000	ki:0.0000	kd:0.0000	t_s:5.200
target_deg:10.000	position_deg:9.756	error_deg:0.244	p_deg_s:0.488	i_deg_s:0.000	d_deg_s:0.000	pid_deg_s:0.488	speed_deg_s:0.000	u_deg_s:0.000	v_limit_deg_s:10.000	dt_ms:10.002	kp:2.0000	ki:0.0000	kd:0.0000	t_s:5.300
target_deg:10.000	position_deg:9.756	error_deg:0.244	p_deg_s:0.488	i_deg_s:0.000	d_deg_s:0.000	pid_deg_s:0.488	speed_deg_s:0.000	u_deg_s:0.000	v_limit_deg_s:10.000	dt_ms:10.002	kp:2.0000	ki:0.0000	kd:0.0000	t_s:5.400
target_deg:10.000	position_deg:9.756	error_deg:0.244	p_deg_s:0.488	i_deg_s:0.000	d_deg_s:0.000	pid_deg_s:0.488	speed_deg_s:0.000	u_deg_s:0.000	v_limit_deg_s:10.000	dt_ms:10.002	kp:2.0000	ki:0.0000	kd:0.0000	t_s:5.500
target_deg:10.000	position_deg:9.756	error_deg:0.244	p_deg_s:0.488	i_deg_s:0.000	d_deg_s:0.000	pid_deg_s:0.488	speed_deg_s:0.000	u_deg_s:0.000	v_limit_deg_s:10.000	dt_ms:10.002	kp:2.0000	ki:0.0000	kd:0.0000	t_s:5.600
target_deg:10.000	position_deg:9.756	error_deg:0.244	p_deg_s:0.488	i_deg_s:0.000	d_deg_s:0.000	pid_deg_s:0.488	speed_deg_s:0.000	u_deg_s:0.000	v_limit_deg_s:10.000	dt_ms:10.002	kp:2.0000	ki:0.0000	kd:0.0000	t_s:5.700
target_deg:10.000	position_deg:9.756	error_deg:0.244	p_deg_s:0.488	i_deg_s:0.000	d_deg_s:0.000	pid_deg_s:0.488	speed_deg_s:0.000	u_deg_s:0.000	v_limit_deg_s:10.000	dt_ms:10.000	kp:2.0000	ki:0.0000	kd:0.0000	t_s:5.801
target_deg:10.000	position_deg:9.756	error_deg:0.244	p_deg_s:0.488	i_deg_s:0.000	d_deg_s:0.000	pid_deg_s:0.488	speed_deg_s:0.000	u_deg_s:0.000	v_limit_deg_s:10.000	dt_ms:10.000	kp:2.0000	ki:0.0000	kd:0.0000	t_s:5.901
target_deg:10.000	position_deg:9.756	error_deg:0.244	p_deg_s:0.488	i_deg_s:0.000	d_deg_s:0.000	pid_deg_s:0.488	speed_deg_s:0.000	u_deg_s:0.000	v_limit_deg_s:10.000	dt_ms:10.000	kp:2.0000	ki:0.0000	kd:0.0000	t_s:6.001
target_deg:10.000	position_deg:9.756	error_deg:0.244	p_deg_s:0.488	i_deg_s:0.000	d_deg_s:0.000	pid_deg_s:0.488	speed_deg_s:0.000	u_deg_s:0.000	v_limit_deg_s:10.000	dt_ms:10.000	kp:2.0000	ki:0.0000	kd:0.0000	t_s:6.101
target_deg:10.000	position_deg:9.756	error_deg:0.244	p_deg_s:0.488	i_deg_s:0.000	d_deg_s:0.000	pid_deg_s:0.488	speed_deg_s:0.000	u_deg_s:0.000	v_limit_deg_s:10.000	dt_ms:10.001	kp:2.0000	ki:0.0000	kd:0.0000	t_s:6.201
target_deg:10.000	position_deg:9.756	error_deg:0.244	p_deg_s:0.488	i_deg_s:0.000	d_deg_s:0.000	pid_deg_s:0.488	speed_deg_s:0.000	u_deg_s:0.000	v_limit_deg_s:10.000	dt_ms:10.001	kp:2.0000	ki:0.0000	kd:0.0000	t_s:6.301
target_deg:10.000	position_deg:9.756	error_deg:0.244	p_deg_s:0.488	i_deg_s:0.000	d_deg_s:0.000	pid_deg_s:0.488	speed_deg_s:0.000	u_deg_s:0.000	v_limit_deg_s:10.000	dt_ms:10.002	kp:2.0000	ki:0.0000	kd:0.0000	t_s:6.401
target_deg:10.000	position_deg:9.756	error_deg:0.244	p_deg_s:0.488	i_deg_s:0.000	d_deg_s:0.000	pid_deg_s:0.488	speed_deg_s:0.000	u_deg_s:0.000	v_limit_deg_s:10.000	dt_ms:10.002	kp:2.0000	ki:0.0000	kd:0.0000	t_s:6.501
target_deg:10.000	position_deg:9.756	error_deg:0.244	p_deg_s:0.488	i_deg_s:0.000	d_deg_s:0.000	pid_deg_s:0.488	speed_deg_s:0.000	u_deg_s:0.000	v_limit_deg_s:10.000	dt_ms:10.002	kp:2.0000	ki:0.0000	kd:0.0000	t_s:6.601
target_deg:10.000	position_deg:9.756	error_deg:0.244	p_deg_s:0.488	i_deg_s:0.000	d_deg_s:0.000	pid_deg_s:0.488	speed_deg_s:0.000	u_deg_s:0.000	v_limit_deg_s:10.000	dt_ms:10.000	kp:2.0000	ki:0.0000	kd:0.0000	t_s:6.701
target_deg:10.000	position_deg:9.756	error_deg:0.244	p_deg_s:0.488	i_deg_s:0.000	d_deg_s:0.000	pid_deg_s:0.488	speed_deg_s:0.000	u_deg_s:0.000	v_limit_deg_s:10.000	dt_ms:10.001	kp:2.0000	ki:0.0000	kd:0.0000	t_s:6.801
target_deg:10.000	position_deg:9.756	error_deg:0.244	p_deg_s:0.488	i_deg_s:0.000	d_deg_s:0.000	pid_deg_s:0.488	speed_deg_s:0.000	u_deg_s:0.000	v_limit_deg_s:10.000	dt_ms:10.001	kp:2.0000	ki:0.0000	kd:0.0000	t_s:6.901
target_deg:10.000	position_deg:9.756	error_deg:0.244	p_deg_s:0.488	i_deg_s:0.000	d_deg_s:0.000	pid_deg_s:0.488	speed_deg_s:0.000	u_deg_s:0.000	v_limit_deg_s:10.000	dt_ms:10.002	kp:2.0000	ki:0.0000	kd:0.0000	t_s:7.001
target_deg:10.000	position_deg:9.756	error_deg:0.244	p_deg_s:0.488	i_deg_s:0.000	d_deg_s:0.000	pid_deg_s:0.488	speed_deg_s:0.000	u_deg_s:0.000	v_limit_deg_s:10.000	dt_ms:10.002	kp:2.0000	ki:0.0000	kd:0.0000	t_s:7.101
target_deg:10.000	position_deg:9.756	error_deg:0.244	p_deg_s:0.488	i_deg_s:0.000	d_deg_s:0.000	pid_deg_s:0.488	speed_deg_s:0.000	u_deg_s:0.000	v_limit_deg_s:10.000	dt_ms:10.001	kp:2.0000	ki:0.0000	kd:0.0000	t_s:7.201
target_deg:10.000	position_deg:9.756	error_deg:0.244	p_deg_s:0.488	i_deg_s:0.000	d_deg_s:0.000	pid_deg_s:0.488	speed_deg_s:0.000	u_deg_s:0.000	v_limit_deg_s:10.000	dt_ms:10.000	kp:2.0000	ki:0.0000	kd:0.0000	t_s:7.301
target_deg:10.000	position_deg:9.756	error_deg:0.244	p_deg_s:0.488	i_deg_s:0.000	d_deg_s:0.000	pid_deg_s:0.488	speed_deg_s:0.000	u_deg_s:0.000	v_limit_deg_s:10.000	dt_ms:10.002	kp:2.0000	ki:0.0000	kd:0.0000	t_s:7.401
target_deg:10.000	position_deg:9.756	error_deg:0.244	p_deg_s:0.488	i_deg_s:0.000	d_deg_s:0.000	pid_deg_s:0.488	speed_deg_s:0.000	u_deg_s:0.000	v_limit_deg_s:10.000	dt_ms:10.002	kp:2.0000	ki:0.0000	kd:0.0000	t_s:7.501
target_deg:10.000	position_deg:9.756	error_deg:0.244	p_deg_s:0.488	i_deg_s:0.000	d_deg_s:0.000	pid_deg_s:0.488	speed_deg_s:0.000	u_deg_s:0.000	v_limit_deg_s:10.000	dt_ms:10.001	kp:2.0000	ki:0.0000	kd:0.0000	t_s:7.601
target_deg:10.000	position_deg:9.756	error_deg:0.244	p_deg_s:0.488	i_deg_s:0.000	d_deg_s:0.000	pid_deg_s:0.488	speed_deg_s:0.000	u_deg_s:0.000	v_limit_deg_s:10.000	dt_ms:10.000	kp:2.0000	ki:0.0000	kd:0.0000	t_s:7.701
target_deg:10.000	position_deg:9.756	error_deg:0.244	p_deg_s:0.488	i_deg_s:0.000	d_deg_s:0.000	pid_deg_s:0.488	speed_deg_s:0.000	u_deg_s:0.000	v_limit_deg_s:10.000	dt_ms:10.001	kp:2.0000	ki:0.0000	kd:0.0000	t_s:7.801
target_deg:10.000	position_deg:9.756	error_deg:0.244	p_deg_s:0.488	i_deg_s:0.000	d_deg_s:0.000	pid_deg_s:0.488	speed_deg_s:0.000	u_deg_s:0.000	v_limit_deg_s:10.000	dt_ms:10.002	kp:2.0000	ki:0.0000	kd:0.0000	t_s:7.901
target_deg:10.000	position_deg:9.756	error_deg:0.244	p_deg_s:0.488	i_deg_s:0.000	d_deg_s:0.000	pid_deg_s:0.488	speed_deg_s:0.000	u_deg_s:0.000	v_limit_deg_s:10.000	dt_ms:10.002	kp:2.0000	ki:0.0000	kd:0.0000	t_s:8.001
target_deg:10.000	position_deg:9.756	error_deg:0.244	p_deg_s:0.488	i_deg_s:0.000	d_deg_s:0.000	pid_deg_s:0.488	speed_deg_s:0.000	u_deg_s:0.000	v_limit_deg_s:10.000	dt_ms:10.001	kp:2.0000	ki:0.0000	kd:0.0000	t_s:8.101
target_deg:10.000	position_deg:9.756	error_deg:0.244	p_deg_s:0.488	i_deg_s:0.000	d_deg_s:0.000	pid_deg_s:0.488	speed_deg_s:0.000	u_deg_s:0.000	v_limit_deg_s:10.000	dt_ms:10.002	kp:2.0000	ki:0.0000	kd:0.0000	t_s:8.201
target_deg:10.000	position_deg:9.756	error_deg:0.244	p_deg_s:0.488	i_deg_s:0.000	d_deg_s:0.000	pid_deg_s:0.488	speed_deg_s:0.000	u_deg_s:0.000	v_limit_deg_s:10.000	dt_ms:10.001	kp:2.0000	ki:0.0000	kd:0.0000	t_s:8.301
target_deg:10.000	position_deg:9.756	error_deg:0.244	p_deg_s:0.488	i_deg_s:0.000	d_deg_s:0.000	pid_deg_s:0.488	speed_deg_s:0.000	u_deg_s:0.000	v_limit_deg_s:10.000	dt_ms:10.000	kp:2.0000	ki:0.0000	kd:0.0000	t_s:8.401
target_deg:10.000	position_deg:9.756	error_deg:0.244	p_deg_s:0.488	i_deg_s:0.000	d_deg_s:0.000	pid_deg_s:0.488	speed_deg_s:0.000	u_deg_s:0.000	v_limit_deg_s:10.000	dt_ms:10.001	kp:2.0000	ki:0.0000	kd:0.0000	t_s:8.501
target_deg:10.000	position_deg:9.756	error_deg:0.244	p_deg_s:0.488	i_deg_s:0.000	d_deg_s:0.000	pid_deg_s:0.488	speed_deg_s:0.000	u_deg_s:0.000	v_limit_deg_s:10.000	dt_ms:10.000	kp:2.0000	ki:0.0000	kd:0.0000	t_s:8.601
target_deg:10.000	position_deg:9.756	error_deg:0.244	p_deg_s:0.488	i_deg_s:0.000	d_deg_s:0.000	pid_deg_s:0.488	speed_deg_s:0.000	u_deg_s:0.000	v_limit_deg_s:10.000	dt_ms:10.002	kp:2.0000	ki:0.0000	kd:0.0000	t_s:8.701
target_deg:10.000	position_deg:9.756	error_deg:0.244	p_deg_s:0.488	i_deg_s:0.000	d_deg_s:0.000	pid_deg_s:0.488	speed_deg_s:0.000	u_deg_s:0.000	v_limit_deg_s:10.000	dt_ms:10.000	kp:2.0000	ki:0.0000	kd:0.0000	t_s:8.801
target_deg:10.000	position_deg:9.756	error_deg:0.244	p_deg_s:0.488	i_deg_s:0.000	d_deg_s:0.000	pid_deg_s:0.488	speed_deg_s:0.000	u_deg_s:0.000	v_limit_deg_s:10.000	dt_ms:10.002	kp:2.0000	ki:0.0000	kd:0.0000	t_s:8.901
target_deg:10.000	position_deg:9.756	error_deg:0.244	p_deg_s:0.488	i_deg_s:0.000	d_deg_s:0.000	pid_deg_s:0.488	speed_deg_s:0.000	u_deg_s:0.000	v_limit_deg_s:10.000	dt_ms:10.001	kp:2.0000	ki:0.0000	kd:0.0000	t_s:9.001
target_deg:10.000	position_deg:9.756	error_deg:0.244	p_deg_s:0.488	i_deg_s:0.000	d_deg_s:0.000	pid_deg_s:0.488	speed_deg_s:0.000	u_deg_s:0.000	v_limit_deg_s:10.000	dt_ms:10.001	kp:2.0000	ki:0.0000	kd:0.0000	t_s:9.101
target_deg:10.000	position_deg:9.756	error_deg:0.244	p_deg_s:0.488	i_deg_s:0.000	d_deg_s:0.000	pid_deg_s:0.488	speed_deg_s:0.000	u_deg_s:0.000	v_limit_deg_s:10.000	dt_ms:10.000	kp:2.0000	ki:0.0000	kd:0.0000	t_s:9.201
target_deg:10.000	position_deg:9.668	error_deg:0.332	p_deg_s:0.664	i_deg_s:0.000	d_deg_s:0.000	pid_deg_s:0.664	speed_deg_s:0.000	u_deg_s:0.000	v_limit_deg_s:10.000	dt_ms:10.002	kp:2.0000	ki:0.0000	kd:0.0000	t_s:9.301
target_deg:10.000	position_deg:9.756	error_deg:0.244	p_deg_s:0.488	i_deg_s:0.000	d_deg_s:0.000	pid_deg_s:0.488	speed_deg_s:0.000	u_deg_s:0.000	v_limit_deg_s:10.000	dt_ms:10.002	kp:2.0000	ki:0.0000	kd:0.0000	t_s:9.401
target_deg:10.000	position_deg:9.668	error_deg:0.332	p_deg_s:0.664	i_deg_s:0.000	d_deg_s:0.000	pid_deg_s:0.664	speed_deg_s:0.000	u_deg_s:0.000	v_limit_deg_s:10.000	dt_ms:10.001	kp:2.0000	ki:0.0000	kd:0.0000	t_s:9.501
target_deg:10.000	position_deg:9.756	error_deg:0.244	p_deg_s:0.488	i_deg_s:0.000	d_deg_s:0.000	pid_deg_s:0.488	speed_deg_s:0.000	u_deg_s:0.000	v_limit_deg_s:10.000	dt_ms:10.003	kp:2.0000	ki:0.0000	kd:0.0000	t_s:9.601
target_deg:10.000	position_deg:9.756	error_deg:0.244	p_deg_s:0.488	i_deg_s:0.000	d_deg_s:0.000	pid_deg_s:0.488	speed_deg_s:0.000	u_deg_s:0.000	v_limit_deg_s:10.000	dt_ms:10.000	kp:2.0000	ki:0.0000	kd:0.0000	t_s:9.701
target_deg:10.000	position_deg:9.756	error_deg:0.244	p_deg_s:0.488	i_deg_s:0.000	d_deg_s:0.000	pid_deg_s:0.488	speed_deg_s:0.000	u_deg_s:0.000	v_limit_deg_s:10.000	dt_ms:10.000	kp:2.0000	ki:0.0000	kd:0.0000	t_s:9.801
target_deg:10.000	position_deg:9.756	error_deg:0.244	p_deg_s:0.488	i_deg_s:0.000	d_deg_s:0.000	pid_deg_s:0.488	speed_deg_s:0.000	u_deg_s:0.000	v_limit_deg_s:10.000	dt_ms:10.000	kp:2.0000	ki:0.0000	kd:0.0000	t_s:9.901
target_deg:10.000	position_deg:9.756	error_deg:0.244	p_deg_s:0.488	i_deg_s:0.000	d_deg_s:0.000	pid_deg_s:0.488	speed_deg_s:0.000	u_deg_s:0.000	v_limit_deg_s:10.000	dt_ms:10.000	kp:2.0000	ki:0.0000	kd:0.0000	t_s:10.001
target_deg:10.000	position_deg:9.756	error_deg:0.244	p_deg_s:0.488	i_deg_s:0.000	d_deg_s:0.000	pid_deg_s:0.488	speed_deg_s:0.000	u_deg_s:0.000	v_limit_deg_s:10.000	dt_ms:10.002	kp:2.0000	ki:0.0000	kd:0.0000	t_s:10.101
target_deg:10.000	position_deg:9.756	error_deg:0.244	p_deg_s:0.488	i_deg_s:0.000	d_deg_s:0.000	pid_deg_s:0.488	speed_deg_s:0.000	u_deg_s:0.000	v_limit_deg_s:10.000	dt_ms:10.001	kp:2.0000	ki:0.0000	kd:0.0000	t_s:10.201
target_deg:10.000	position_deg:9.756	error_deg:0.244	p_deg_s:0.488	i_deg_s:0.000	d_deg_s:0.000	pid_deg_s:0.488	speed_deg_s:0.000	u_deg_s:0.000	v_limit_deg_s:10.000	dt_ms:10.001	kp:2.0000	ki:0.0000	kd:0.0000	t_s:10.301
target_deg:10.000	position_deg:9.756	error_deg:0.244	p_deg_s:0.488	i_deg_s:0.000	d_deg_s:0.000	pid_deg_s:0.488	speed_deg_s:0.000	u_deg_s:0.000	v_limit_deg_s:10.000	dt_ms:10.000	kp:2.0000	ki:0.0000	kd:0.0000	t_s:10.401
target_deg:10.000	position_deg:9.756	error_deg:0.244	p_deg_s:0.488	i_deg_s:0.000	d_deg_s:0.000	pid_deg_s:0.488	speed_deg_s:0.000	u_deg_s:0.000	v_limit_deg_s:10.000	dt_ms:10.000	kp:2.0000	ki:0.0000	kd:0.0000	t_s:10.501
target_deg:10.000	position_deg:9.756	error_deg:0.244	p_deg_s:0.488	i_deg_s:0.000	d_deg_s:0.000	pid_deg_s:0.488	speed_deg_s:0.000	u_deg_s:0.000	v_limit_deg_s:10.000	dt_ms:10.001	kp:2.0000	ki:0.0000	kd:0.0000	t_s:10.601
target_deg:10.000	position_deg:9.756	error_deg:0.244	p_deg_s:0.488	i_deg_s:0.000	d_deg_s:0.000	pid_deg_s:0.488	speed_deg_s:0.000	u_deg_s:0.000	v_limit_deg_s:10.000	dt_ms:10.001	kp:2.0000	ki:0.0000	kd:0.0000	t_s:10.701
target_deg:10.000	position_deg:9.756	error_deg:0.244	p_deg_s:0.488	i_deg_s:0.000	d_deg_s:0.000	pid_deg_s:0.488	speed_deg_s:0.000	u_deg_s:0.000	v_limit_deg_s:10.000	dt_ms:10.001	kp:2.0000	ki:0.0000	kd:0.0000	t_s:10.801
target_deg:10.000	position_deg:9.756	error_deg:0.244	p_deg_s:0.488	i_deg_s:0.000	d_deg_s:0.000	pid_deg_s:0.488	speed_deg_s:0.000	u_deg_s:0.000	v_limit_deg_s:10.000	dt_ms:10.002	kp:2.0000	ki:0.0000	kd:0.0000	t_s:10.901
target_deg:10.000	position_deg:9.756	error_deg:0.244	p_deg_s:0.488	i_deg_s:0.000	d_deg_s:0.000	pid_deg_s:0.488	speed_deg_s:0.000	u_deg_s:0.000	v_limit_deg_s:10.000	dt_ms:10.001	kp:2.0000	ki:0.0000	kd:0.0000	t_s:11.001
target_deg:10.000	position_deg:9.756	error_deg:0.244	p_deg_s:0.488	i_deg_s:0.000	d_deg_s:0.000	pid_deg_s:0.488	speed_deg_s:0.000	u_deg_s:0.000	v_limit_deg_s:10.000	dt_ms:10.002	kp:2.0000	ki:0.0000	kd:0.0000	t_s:11.101
target_deg:10.000	position_deg:9.756	error_deg:0.244	p_deg_s:0.488	i_deg_s:0.000	d_deg_s:0.000	pid_deg_s:0.488	speed_deg_s:0.000	u_deg_s:0.000	v_limit_deg_s:10.000	dt_ms:10.002	kp:2.0000	ki:0.0000	kd:0.0000	t_s:11.201
target_deg:10.000	position_deg:9.756	error_deg:0.244	p_deg_s:0.488	i_deg_s:0.000	d_deg_s:0.000	pid_deg_s:0.488	speed_deg_s:0.000	u_deg_s:0.000	v_limit_deg_s:10.000	dt_ms:10.002	kp:2.0000	ki:0.0000	kd:0.0000	t_s:11.301
target_deg:10.000	position_deg:9.756	error_deg:0.244	p_deg_s:0.488	i_deg_s:0.000	d_deg_s:0.000	pid_deg_s:0.488	speed_deg_s:0.000	u_deg_s:0.000	v_limit_deg_s:10.000	dt_ms:10.001	kp:2.0000	ki:0.0000	kd:0.0000	t_s:11.401
target_deg:10.000	position_deg:9.756	error_deg:0.244	p_deg_s:0.488	i_deg_s:0.000	d_deg_s:0.000	pid_deg_s:0.488	speed_deg_s:0.000	u_deg_s:0.000	v_limit_deg_s:10.000	dt_ms:10.000	kp:2.0000	ki:0.0000	kd:0.0000	t_s:11.501
target_deg:10.000	position_deg:9.756	error_deg:0.244	p_deg_s:0.488	i_deg_s:0.000	d_deg_s:0.000	pid_deg_s:0.488	speed_deg_s:0.000	u_deg_s:0.000	v_limit_deg_s:10.000	dt_ms:10.000	kp:2.0000	ki:0.0000	kd:0.0000	t_s:11.601
target_deg:10.000	position_deg:9.756	error_deg:0.244	p_deg_s:0.488	i_deg_s:0.000	d_deg_s:0.000	pid_deg_s:0.488	speed_deg_s:0.000	u_deg_s:0.000	v_limit_deg_s:10.000	dt_ms:10.001	kp:2.0000	ki:0.0000	kd:0.0000	t_s:11.701
target_deg:10.000	position_deg:9.756	error_deg:0.244	p_deg_s:0.488	i_deg_s:0.000	d_deg_s:0.000	pid_deg_s:0.488	speed_deg_s:0.000	u_deg_s:0.000	v_limit_deg_s:10.000	dt_ms:10.000	kp:2.0000	ki:0.0000	kd:0.0000	t_s:11.801
target_deg:10.000	position_deg:9.756	error_deg:0.244	p_deg_s:0.488	i_deg_s:0.000	d_deg_s:0.000	pid_deg_s:0.488	speed_deg_s:0.000	u_deg_s:0.000	v_limit_deg_s:10.000	dt_ms:10.001	kp:2.0000	ki:0.0000	kd:0.0000	t_s:11.901
target_deg:10.000	position_deg:9.668	error_deg:0.332	p_deg_s:0.664	i_deg_s:0.000	d_deg_s:0.000	pid_deg_s:0.664	speed_deg_s:0.000	u_deg_s:0.000	v_limit_deg_s:10.000	dt_ms:10.002	kp:2.0000	ki:0.0000	kd:0.0000	t_s:12.001
target_deg:10.000	position_deg:9.756	error_deg:0.244	p_deg_s:0.488	i_deg_s:0.000	d_deg_s:0.000	pid_deg_s:0.488	speed_deg_s:0.000	u_deg_s:0.000	v_limit_deg_s:10.000	dt_ms:10.000	kp:2.0000	ki:0.0000	kd:0.0000	t_s:12.101
target_deg:10.000	position_deg:9.756	error_deg:0.244	p_deg_s:0.488	i_deg_s:0.000	d_deg_s:0.000	pid_deg_s:0.488	speed_deg_s:0.000	u_deg_s:0.000	v_limit_deg_s:10.000	dt_ms:10.000	kp:2.0000	ki:0.0000	kd:0.0000	t_s:12.201
target_deg:10.000	position_deg:9.756	error_deg:0.244	p_deg_s:0.488	i_deg_s:0.000	d_deg_s:0.000	pid_deg_s:0.488	speed_deg_s:0.000	u_deg_s:0.000	v_limit_deg_s:10.000	dt_ms:10.000	kp:2.0000	ki:0.0000	kd:0.0000	t_s:12.301
target_deg:10.000	position_deg:9.756	error_deg:0.244	p_deg_s:0.488	i_deg_s:0.000	d_deg_s:0.000	pid_deg_s:0.488	speed_deg_s:0.000	u_deg_s:0.000	v_limit_deg_s:10.000	dt_ms:10.002	kp:2.0000	ki:0.0000	kd:0.0000	t_s:12.401
target_deg:10.000	position_deg:9.756	error_deg:0.244	p_deg_s:0.488	i_deg_s:0.000	d_deg_s:0.000	pid_deg_s:0.488	speed_deg_s:0.000	u_deg_s:0.000	v_limit_deg_s:10.000	dt_ms:10.001	kp:2.0000	ki:0.0000	kd:0.0000	t_s:12.501
target_deg:10.000	position_deg:9.756	error_deg:0.244	p_deg_s:0.488	i_deg_s:0.000	d_deg_s:0.000	pid_deg_s:0.488	speed_deg_s:0.000	u_deg_s:0.000	v_limit_deg_s:10.000	dt_ms:10.002	kp:2.0000	ki:0.0000	kd:0.0000	t_s:12.601
target_deg:10.000	position_deg:9.756	error_deg:0.244	p_deg_s:0.488	i_deg_s:0.000	d_deg_s:0.000	pid_deg_s:0.488	speed_deg_s:0.000	u_deg_s:0.000	v_limit_deg_s:10.000	dt_ms:10.001	kp:2.0000	ki:0.0000	kd:0.0000	t_s:12.701
target_deg:10.000	position_deg:9.756	error_deg:0.244	p_deg_s:0.488	i_deg_s:0.000	d_deg_s:0.000	pid_deg_s:0.488	speed_deg_s:0.000	u_deg_s:0.000	v_limit_deg_s:10.000	dt_ms:10.002	kp:2.0000	ki:0.0000	kd:0.0000	t_s:12.801
target_deg:10.000	position_deg:9.756	error_deg:0.244	p_deg_s:0.488	i_deg_s:0.000	d_deg_s:0.000	pid_deg_s:0.488	speed_deg_s:0.000	u_deg_s:0.000	v_limit_deg_s:10.000	dt_ms:10.002	kp:2.0000	ki:0.0000	kd:0.0000	t_s:12.901
target_deg:10.000	position_deg:9.756	error_deg:0.244	p_deg_s:0.488	i_deg_s:0.000	d_deg_s:0.000	pid_deg_s:0.488	speed_deg_s:0.000	u_deg_s:0.000	v_limit_deg_s:10.000	dt_ms:10.001	kp:2.0000	ki:0.0000	kd:0.0000	t_s:13.001
target_deg:10.000	position_deg:9.756	error_deg:0.244	p_deg_s:0.488	i_deg_s:0.000	d_deg_s:0.000	pid_deg_s:0.488	speed_deg_s:0.000	u_deg_s:0.000	v_limit_deg_s:10.000	dt_ms:10.002	kp:2.0000	ki:0.0000	kd:0.0000	t_s:13.101
target_deg:10.000	position_deg:9.756	error_deg:0.244	p_deg_s:0.488	i_deg_s:0.000	d_deg_s:0.000	pid_deg_s:0.488	speed_deg_s:0.000	u_deg_s:0.000	v_limit_deg_s:10.000	dt_ms:10.003	kp:2.0000	ki:0.0000	kd:0.0000	t_s:13.201
target_deg:10.000	position_deg:9.756	error_deg:0.244	p_deg_s:0.488	i_deg_s:0.000	d_deg_s:0.000	pid_deg_s:0.488	speed_deg_s:0.000	u_deg_s:0.000	v_limit_deg_s:10.000	dt_ms:10.001	kp:2.0000	ki:0.0000	kd:0.0000	t_s:13.301
target_deg:10.000	position_deg:9.756	error_deg:0.244	p_deg_s:0.488	i_deg_s:0.000	d_deg_s:0.000	pid_deg_s:0.488	speed_deg_s:0.000	u_deg_s:0.000	v_limit_deg_s:10.000	dt_ms:10.000	kp:2.0000	ki:0.0000	kd:0.0000	t_s:13.401
target_deg:10.000	position_deg:9.756	error_deg:0.244	p_deg_s:0.488	i_deg_s:0.000	d_deg_s:0.000	pid_deg_s:0.488	speed_deg_s:0.000	u_deg_s:0.000	v_limit_deg_s:10.000	dt_ms:10.003	kp:2.0000	ki:0.0000	kd:0.0000	t_s:13.501
target_deg:10.000	position_deg:9.756	error_deg:0.244	p_deg_s:0.488	i_deg_s:0.000	d_deg_s:0.000	pid_deg_s:0.488	speed_deg_s:0.000	u_deg_s:0.000	v_limit_deg_s:10.000	dt_ms:10.001	kp:2.0000	ki:0.0000	kd:0.0000	t_s:13.602
target_deg:10.000	position_deg:9.756	error_deg:0.244	p_deg_s:0.488	i_deg_s:0.000	d_deg_s:0.000	pid_deg_s:0.488	speed_deg_s:0.000	u_deg_s:0.000	v_limit_deg_s:10.000	dt_ms:10.001	kp:2.0000	ki:0.0000	kd:0.0000	t_s:13.702
target_deg:10.000	position_deg:9.756	error_deg:0.244	p_deg_s:0.488	i_deg_s:0.000	d_deg_s:0.000	pid_deg_s:0.488	speed_deg_s:0.000	u_deg_s:0.000	v_limit_deg_s:10.000	dt_ms:10.002	kp:2.0000	ki:0.0000	kd:0.0000	t_s:13.802
target_deg:10.000	position_deg:9.756	error_deg:0.244	p_deg_s:0.488	i_deg_s:0.000	d_deg_s:0.000	pid_deg_s:0.488	speed_deg_s:0.000	u_deg_s:0.000	v_limit_deg_s:10.000	dt_ms:10.003	kp:2.0000	ki:0.0000	kd:0.0000	t_s:13.902
target_deg:10.000	position_deg:9.756	error_deg:0.244	p_deg_s:0.488	i_deg_s:0.000	d_deg_s:0.000	pid_deg_s:0.488	speed_deg_s:0.000	u_deg_s:0.000	v_limit_deg_s:10.000	dt_ms:10.002	kp:2.0000	ki:0.0000	kd:0.0000	t_s:14.002
target_deg:10.000	position_deg:9.756	error_deg:0.244	p_deg_s:0.488	i_deg_s:0.000	d_deg_s:0.000	pid_deg_s:0.488	speed_deg_s:0.000	u_deg_s:0.000	v_limit_deg_s:10.000	dt_ms:10.002	kp:2.0000	ki:0.0000	kd:0.0000	t_s:14.102
target_deg:10.000	position_deg:9.756	error_deg:0.244	p_deg_s:0.488	i_deg_s:0.000	d_deg_s:0.000	pid_deg_s:0.488	speed_deg_s:0.000	u_deg_s:0.000	v_limit_deg_s:10.000	dt_ms:10.001	kp:2.0000	ki:0.0000	kd:0.0000	t_s:14.202
target_deg:10.000	position_deg:9.756	error_deg:0.244	p_deg_s:0.488	i_deg_s:0.000	d_deg_s:0.000	pid_deg_s:0.488	speed_deg_s:0.000	u_deg_s:0.000	v_limit_deg_s:10.000	dt_ms:10.002	kp:2.0000	ki:0.0000	kd:0.0000	t_s:14.302
target_deg:10.000	position_deg:9.756	error_deg:0.244	p_deg_s:0.488	i_deg_s:0.000	d_deg_s:0.000	pid_deg_s:0.488	speed_deg_s:0.000	u_deg_s:0.000	v_limit_deg_s:10.000	dt_ms:10.001	kp:2.0000	ki:0.0000	kd:0.0000	t_s:14.402
target_deg:10.000	position_deg:9.756	error_deg:0.244	p_deg_s:0.488	i_deg_s:0.000	d_deg_s:0.000	pid_deg_s:0.488	speed_deg_s:0.000	u_deg_s:0.000	v_limit_deg_s:10.000	dt_ms:10.002	kp:2.0000	ki:0.0000	kd:0.0000	t_s:14.502
target_deg:10.000	position_deg:9.668	error_deg:0.332	p_deg_s:0.664	i_deg_s:0.000	d_deg_s:0.000	pid_deg_s:0.664	speed_deg_s:0.000	u_deg_s:0.000	v_limit_deg_s:10.000	dt_ms:10.001	kp:2.0000	ki:0.0000	kd:0.0000	t_s:14.602
target_deg:10.000	position_deg:9.756	error_deg:0.244	p_deg_s:0.488	i_deg_s:0.000	d_deg_s:0.000	pid_deg_s:0.488	speed_deg_s:0.000	u_deg_s:0.000	v_limit_deg_s:10.000	dt_ms:10.001	kp:2.0000	ki:0.0000	kd:0.0000	t_s:14.702
target_deg:10.000	position_deg:9.756	error_deg:0.244	p_deg_s:0.488	i_deg_s:0.000	d_deg_s:0.000	pid_deg_s:0.488	speed_deg_s:0.000	u_deg_s:0.000	v_limit_deg_s:10.000	dt_ms:10.001	kp:2.0000	ki:0.0000	kd:0.0000	t_s:14.802
target_deg:10.000	position_deg:9.756	error_deg:0.244	p_deg_s:0.488	i_deg_s:0.000	d_deg_s:0.000	pid_deg_s:0.488	speed_deg_s:0.000	u_deg_s:0.000	v_limit_deg_s:10.000	dt_ms:10.001	kp:2.0000	ki:0.0000	kd:0.0000	t_s:14.902
target_deg:10.000	position_deg:9.756	error_deg:0.244	p_deg_s:0.488	i_deg_s:0.000	d_deg_s:0.000	pid_deg_s:0.488	speed_deg_s:0.000	u_deg_s:0.000	v_limit_deg_s:10.000	dt_ms:10.000	kp:2.0000	ki:0.0000	kd:0.0000	t_s:15.002
target_deg:10.000	position_deg:9.756	error_deg:0.244	p_deg_s:0.488	i_deg_s:0.000	d_deg_s:0.000	pid_deg_s:0.488	speed_deg_s:0.000	u_deg_s:0.000	v_limit_deg_s:10.000	dt_ms:10.001	kp:2.0000	ki:0.0000	kd:0.0000	t_s:15.102
target_deg:10.000	position_deg:9.756	error_deg:0.244	p_deg_s:0.488	i_deg_s:0.000	d_deg_s:0.000	pid_deg_s:0.488	speed_deg_s:0.000	u_deg_s:0.000	v_limit_deg_s:10.000	dt_ms:10.002	kp:2.0000	ki:0.0000	kd:0.0000	t_s:15.202
target_deg:10.000	position_deg:9.756	error_deg:0.244	p_deg_s:0.488	i_deg_s:0.000	d_deg_s:0.000	pid_deg_s:0.488	speed_deg_s:0.000	u_deg_s:0.000	v_limit_deg_s:10.000	dt_ms:10.000	kp:2.0000	ki:0.0000	kd:0.0000	t_s:15.302
target_deg:10.000	position_deg:9.756	error_deg:0.244	p_deg_s:0.488	i_deg_s:0.000	d_deg_s:0.000	pid_deg_s:0.488	speed_deg_s:0.000	u_deg_s:0.000	v_limit_deg_s:10.000	dt_ms:10.001	kp:2.0000	ki:0.0000	kd:0.0000	t_s:15.402
target_deg:10.000	position_deg:9.756	error_deg:0.244	p_deg_s:0.488	i_deg_s:0.000	d_deg_s:0.000	pid_deg_s:0.488	speed_deg_s:0.000	u_deg_s:0.000	v_limit_deg_s:10.000	dt_ms:10.000	kp:2.0000	ki:0.0000	kd:0.0000	t_s:15.502
target_deg:10.000	position_deg:9.756	error_deg:0.244	p_deg_s:0.488	i_deg_s:0.000	d_deg_s:0.000	pid_deg_s:0.488	speed_deg_s:0.000	u_deg_s:0.000	v_limit_deg_s:10.000	dt_ms:10.002	kp:2.0000	ki:0.0000	kd:0.0000	t_s:15.602
target_deg:10.000	position_deg:9.756	error_deg:0.244	p_deg_s:0.488	i_deg_s:0.000	d_deg_s:0.000	pid_deg_s:0.488	speed_deg_s:0.000	u_deg_s:0.000	v_limit_deg_s:10.000	dt_ms:10.001	kp:2.0000	ki:0.0000	kd:0.0000	t_s:15.702
target_deg:10.000	position_deg:9.668	error_deg:0.332	p_deg_s:0.664	i_deg_s:0.000	d_deg_s:0.000	pid_deg_s:0.664	speed_deg_s:0.000	u_deg_s:0.000	v_limit_deg_s:10.000	dt_ms:10.001	kp:2.0000	ki:0.0000	kd:0.0000	t_s:15.802
target_deg:10.000	position_deg:9.756	error_deg:0.244	p_deg_s:0.488	i_deg_s:0.000	d_deg_s:0.000	pid_deg_s:0.488	speed_deg_s:0.000	u_deg_s:0.000	v_limit_deg_s:10.000	dt_ms:10.002	kp:2.0000	ki:0.0000	kd:0.0000	t_s:15.902
target_deg:10.000	position_deg:9.668	error_deg:0.332	p_deg_s:0.664	i_deg_s:0.000	d_deg_s:0.000	pid_deg_s:0.664	speed_deg_s:0.000	u_deg_s:0.000	v_limit_deg_s:10.000	dt_ms:10.001	kp:2.0000	ki:0.0000	kd:0.0000	t_s:16.002
target_deg:10.000	position_deg:9.756	error_deg:0.244	p_deg_s:0.488	i_deg_s:0.000	d_deg_s:0.000	pid_deg_s:0.488	speed_deg_s:0.000	u_deg_s:0.000	v_limit_deg_s:10.000	dt_ms:10.002	kp:2.0000	ki:0.0000	kd:0.0000	t_s:16.102
target_deg:10.000	position_deg:9.756	error_deg:0.244	p_deg_s:0.488	i_deg_s:0.000	d_deg_s:0.000	pid_deg_s:0.488	speed_deg_s:0.000	u_deg_s:0.000	v_limit_deg_s:10.000	dt_ms:10.002	kp:2.0000	ki:0.0000	kd:0.0000	t_s:16.202
target_deg:10.000	position_deg:9.756	error_deg:0.244	p_deg_s:0.488	i_deg_s:0.000	d_deg_s:0.000	pid_deg_s:0.488	speed_deg_s:0.000	u_deg_s:0.000	v_limit_deg_s:10.000	dt_ms:10.001	kp:2.0000	ki:0.0000	kd:0.0000	t_s:16.302
target_deg:10.000	position_deg:9.756	error_deg:0.244	p_deg_s:0.488	i_deg_s:0.000	d_deg_s:0.000	pid_deg_s:0.488	speed_deg_s:0.000	u_deg_s:0.000	v_limit_deg_s:10.000	dt_ms:10.002	kp:2.0000	ki:0.0000	kd:0.0000	t_s:16.402
target_deg:10.000	position_deg:9.756	error_deg:0.244	p_deg_s:0.488	i_deg_s:0.000	d_deg_s:0.000	pid_deg_s:0.488	speed_deg_s:0.000	u_deg_s:0.000	v_limit_deg_s:10.000	dt_ms:10.000	kp:2.0000	ki:0.0000	kd:0.0000	t_s:16.502
target_deg:10.000	position_deg:9.756	error_deg:0.244	p_deg_s:0.488	i_deg_s:0.000	d_deg_s:0.000	pid_deg_s:0.488	speed_deg_s:0.000	u_deg_s:0.000	v_limit_deg_s:10.000	dt_ms:10.001	kp:2.0000	ki:0.0000	kd:0.0000	t_s:16.602
target_deg:10.000	position_deg:9.756	error_deg:0.244	p_deg_s:0.488	i_deg_s:0.000	d_deg_s:0.000	pid_deg_s:0.488	speed_deg_s:0.000	u_deg_s:0.000	v_limit_deg_s:10.000	dt_ms:10.001	kp:2.0000	ki:0.0000	kd:0.0000	t_s:16.702
target_deg:10.000	position_deg:9.756	error_deg:0.244	p_deg_s:0.488	i_deg_s:0.000	d_deg_s:0.000	pid_deg_s:0.488	speed_deg_s:0.000	u_deg_s:0.000	v_limit_deg_s:10.000	dt_ms:10.001	kp:2.0000	ki:0.0000	kd:0.0000	t_s:16.802
target_deg:10.000	position_deg:9.756	error_deg:0.244	p_deg_s:0.488	i_deg_s:0.000	d_deg_s:0.000	pid_deg_s:0.488	speed_deg_s:0.000	u_deg_s:0.000	v_limit_deg_s:10.000	dt_ms:10.001	kp:2.0000	ki:0.0000	kd:0.0000	t_s:16.902
target_deg:10.000	position_deg:9.756	error_deg:0.244	p_deg_s:0.488	i_deg_s:0.000	d_deg_s:0.000	pid_deg_s:0.488	speed_deg_s:0.000	u_deg_s:0.000	v_limit_deg_s:10.000	dt_ms:10.001	kp:2.0000	ki:0.0000	kd:0.0000	t_s:17.002
target_deg:10.000	position_deg:9.756	error_deg:0.244	p_deg_s:0.488	i_deg_s:0.000	d_deg_s:0.000	pid_deg_s:0.488	speed_deg_s:0.000	u_deg_s:0.000	v_limit_deg_s:10.000	dt_ms:10.000	kp:2.0000	ki:0.0000	kd:0.0000	t_s:17.102
target_deg:10.000	position_deg:9.756	error_deg:0.244	p_deg_s:0.488	i_deg_s:0.000	d_deg_s:0.000	pid_deg_s:0.488	speed_deg_s:0.000	u_deg_s:0.000	v_limit_deg_s:10.000	dt_ms:10.002	kp:2.0000	ki:0.0000	kd:0.0000	t_s:17.202
target_deg:10.000	position_deg:9.756	error_deg:0.244	p_deg_s:0.488	i_deg_s:0.000	d_deg_s:0.000	pid_deg_s:0.488	speed_deg_s:0.000	u_deg_s:0.000	v_limit_deg_s:10.000	dt_ms:10.002	kp:2.0000	ki:0.0000	kd:0.0000	t_s:17.302
target_deg:10.000	position_deg:9.756	error_deg:0.244	p_deg_s:0.488	i_deg_s:0.000	d_deg_s:0.000	pid_deg_s:0.488	speed_deg_s:0.000	u_deg_s:0.000	v_limit_deg_s:10.000	dt_ms:10.001	kp:2.0000	ki:0.0000	kd:0.0000	t_s:17.402
target_deg:10.000	position_deg:9.668	error_deg:0.332	p_deg_s:0.664	i_deg_s:0.000	d_deg_s:0.000	pid_deg_s:0.664	speed_deg_s:0.000	u_deg_s:0.000	v_limit_deg_s:10.000	dt_ms:10.000	kp:2.0000	ki:0.0000	kd:0.0000	t_s:17.502
target_deg:10.000	position_deg:9.756	error_deg:0.244	p_deg_s:0.488	i_deg_s:0.000	d_deg_s:0.000	pid_deg_s:0.488	speed_deg_s:0.000	u_deg_s:0.000	v_limit_deg_s:10.000	dt_ms:10.000	kp:2.0000	ki:0.0000	kd:0.0000	t_s:17.602
target_deg:10.000	position_deg:9.756	error_deg:0.244	p_deg_s:0.488	i_deg_s:0.000	d_deg_s:0.000	pid_deg_s:0.488	speed_deg_s:0.000	u_deg_s:0.000	v_limit_deg_s:10.000	dt_ms:10.002	kp:2.0000	ki:0.0000	kd:0.0000	t_s:17.702
target_deg:10.000	position_deg:9.756	error_deg:0.244	p_deg_s:0.488	i_deg_s:0.000	d_deg_s:0.000	pid_deg_s:0.488	speed_deg_s:0.000	u_deg_s:0.000	v_limit_deg_s:10.000	dt_ms:10.001	kp:2.0000	ki:0.0000	kd:0.0000	t_s:17.802
target_deg:10.000	position_deg:9.756	error_deg:0.244	p_deg_s:0.488	i_deg_s:0.000	d_deg_s:0.000	pid_deg_s:0.488	speed_deg_s:0.000	u_deg_s:0.000	v_limit_deg_s:10.000	dt_ms:10.002	kp:2.0000	ki:0.0000	kd:0.0000	t_s:17.902
target_deg:10.000	position_deg:9.756	error_deg:0.244	p_deg_s:0.488	i_deg_s:0.000	d_deg_s:0.000	pid_deg_s:0.488	speed_deg_s:0.000	u_deg_s:0.000	v_limit_deg_s:10.000	dt_ms:10.001	kp:2.0000	ki:0.0000	kd:0.0000	t_s:18.002
target_deg:10.000	position_deg:9.756	error_deg:0.244	p_deg_s:0.488	i_deg_s:0.000	d_deg_s:0.000	pid_deg_s:0.488	speed_deg_s:0.000	u_deg_s:0.000	v_limit_deg_s:10.000	dt_ms:10.001	kp:2.0000	ki:0.0000	kd:0.0000	t_s:18.102
target_deg:10.000	position_deg:9.756	error_deg:0.244	p_deg_s:0.488	i_deg_s:0.000	d_deg_s:0.000	pid_deg_s:0.488	speed_deg_s:0.000	u_deg_s:0.000	v_limit_deg_s:10.000	dt_ms:10.000	kp:2.0000	ki:0.0000	kd:0.0000	t_s:18.202
target_deg:10.000	position_deg:9.756	error_deg:0.244	p_deg_s:0.488	i_deg_s:0.000	d_deg_s:0.000	pid_deg_s:0.488	speed_deg_s:0.000	u_deg_s:0.000	v_limit_deg_s:10.000	dt_ms:10.001	kp:2.0000	ki:0.0000	kd:0.0000	t_s:18.302
target_deg:10.000	position_deg:9.756	error_deg:0.244	p_deg_s:0.488	i_deg_s:0.000	d_deg_s:0.000	pid_deg_s:0.488	speed_deg_s:0.000	u_deg_s:0.000	v_limit_deg_s:10.000	dt_ms:10.002	kp:2.0000	ki:0.0000	kd:0.0000	t_s:18.402
target_deg:10.000	position_deg:9.756	error_deg:0.244	p_deg_s:0.488	i_deg_s:0.000	d_deg_s:0.000	pid_deg_s:0.488	speed_deg_s:0.000	u_deg_s:0.000	v_limit_deg_s:10.000	dt_ms:10.001	kp:2.0000	ki:0.0000	kd:0.0000	t_s:18.502
target_deg:10.000	position_deg:9.756	error_deg:0.244	p_deg_s:0.488	i_deg_s:0.000	d_deg_s:0.000	pid_deg_s:0.488	speed_deg_s:0.000	u_deg_s:0.000	v_limit_deg_s:10.000	dt_ms:10.003	kp:2.0000	ki:0.0000	kd:0.0000	t_s:18.602
target_deg:10.000	position_deg:9.756	error_deg:0.244	p_deg_s:0.488	i_deg_s:0.000	d_deg_s:0.000	pid_deg_s:0.488	speed_deg_s:0.000	u_deg_s:0.000	v_limit_deg_s:10.000	dt_ms:10.002	kp:2.0000	ki:0.0000	kd:0.0000	t_s:18.702
target_deg:10.000	position_deg:9.756	error_deg:0.244	p_deg_s:0.488	i_deg_s:0.000	d_deg_s:0.000	pid_deg_s:0.488	speed_deg_s:0.000	u_deg_s:0.000	v_limit_deg_s:10.000	dt_ms:10.000	kp:2.0000	ki:0.0000	kd:0.0000	t_s:18.802
target_deg:10.000	position_deg:9.756	error_deg:0.244	p_deg_s:0.488	i_deg_s:0.000	d_deg_s:0.000	pid_deg_s:0.488	speed_deg_s:0.000	u_deg_s:0.000	v_limit_deg_s:10.000	dt_ms:10.002	kp:2.0000	ki:0.0000	kd:0.0000	t_s:18.902
target_deg:10.000	position_deg:9.756	error_deg:0.244	p_deg_s:0.488	i_deg_s:0.000	d_deg_s:0.000	pid_deg_s:0.488	speed_deg_s:0.000	u_deg_s:0.000	v_limit_deg_s:10.000	dt_ms:10.002	kp:2.0000	ki:0.0000	kd:0.0000	t_s:19.002
target_deg:10.000	position_deg:9.756	error_deg:0.244	p_deg_s:0.488	i_deg_s:0.000	d_deg_s:0.000	pid_deg_s:0.488	speed_deg_s:0.000	u_deg_s:0.000	v_limit_deg_s:10.000	dt_ms:10.001	kp:2.0000	ki:0.0000	kd:0.0000	t_s:19.102
target_deg:10.000	position_deg:9.756	error_deg:0.244	p_deg_s:0.488	i_deg_s:0.000	d_deg_s:0.000	pid_deg_s:0.488	speed_deg_s:0.000	u_deg_s:0.000	v_limit_deg_s:10.000	dt_ms:10.002	kp:2.0000	ki:0.0000	kd:0.0000	t_s:19.202
target_deg:10.000	position_deg:9.756	error_deg:0.244	p_deg_s:0.488	i_deg_s:0.000	d_deg_s:0.000	pid_deg_s:0.488	speed_deg_s:0.000	u_deg_s:0.000	v_limit_deg_s:10.000	dt_ms:10.002	kp:2.0000	ki:0.0000	kd:0.0000	t_s:19.302
target_deg:10.000	position_deg:9.756	error_deg:0.244	p_deg_s:0.488	i_deg_s:0.000	d_deg_s:0.000	pid_deg_s:0.488	speed_deg_s:0.000	u_deg_s:0.000	v_limit_deg_s:10.000	dt_ms:10.001	kp:2.0000	ki:0.0000	kd:0.0000	t_s:19.402
target_deg:10.000	position_deg:9.756	error_deg:0.244	p_deg_s:0.488	i_deg_s:0.000	d_deg_s:0.000	pid_deg_s:0.488	speed_deg_s:0.000	u_deg_s:0.000	v_limit_deg_s:10.000	dt_ms:10.000	kp:2.0000	ki:0.0000	kd:0.0000	t_s:19.502
target_deg:10.000	position_deg:9.756	error_deg:0.244	p_deg_s:0.488	i_deg_s:0.000	d_deg_s:0.000	pid_deg_s:0.488	speed_deg_s:0.000	u_deg_s:0.000	v_limit_deg_s:10.000	dt_ms:10.001	kp:2.0000	ki:0.0000	kd:0.0000	t_s:19.602
target_deg:10.000	position_deg:9.756	error_deg:0.244	p_deg_s:0.488	i_deg_s:0.000	d_deg_s:0.000	pid_deg_s:0.488	speed_deg_s:0.000	u_deg_s:0.000	v_limit_deg_s:10.000	dt_ms:10.002	kp:2.0000	ki:0.0000	kd:0.0000	t_s:19.702
target_deg:10.000	position_deg:9.668	error_deg:0.332	p_deg_s:0.664	i_deg_s:0.000	d_deg_s:0.000	pid_deg_s:0.664	speed_deg_s:0.000	u_deg_s:0.000	v_limit_deg_s:10.000	dt_ms:10.001	kp:2.0000	ki:0.0000	kd:0.0000	t_s:19.802
target_deg:10.000	position_deg:9.756	error_deg:0.244	p_deg_s:0.488	i_deg_s:0.000	d_deg_s:0.000	pid_deg_s:0.488	speed_deg_s:0.000	u_deg_s:0.000	v_limit_deg_s:10.000	dt_ms:10.001	kp:2.0000	ki:0.0000	kd:0.0000	t_s:19.902
target_deg:10.000	position_deg:9.756	error_deg:0.244	p_deg_s:0.488	i_deg_s:0.000	d_deg_s:0.000	pid_deg_s:0.488	speed_deg_s:0.000	u_deg_s:0.000	v_limit_deg_s:10.000	dt_ms:10.002	kp:2.0000	ki:0.0000	kd:0.0000	t_s:20.002
target_deg:10.000	position_deg:9.756	error_deg:0.244	p_deg_s:0.488	i_deg_s:0.000	d_deg_s:0.000	pid_deg_s:0.488	speed_deg_s:0.000	u_deg_s:0.000	v_limit_deg_s:10.000	dt_ms:10.000	kp:2.0000	ki:0.0000	kd:0.0000	t_s:20.102
target_deg:10.000	position_deg:9.756	error_deg:0.244	p_deg_s:0.488	i_deg_s:0.000	d_deg_s:0.000	pid_deg_s:0.488	speed_deg_s:0.000	u_deg_s:0.000	v_limit_deg_s:10.000	dt_ms:10.002	kp:2.0000	ki:0.0000	kd:0.0000	t_s:20.202
target_deg:10.000	position_deg:9.756	error_deg:0.244	p_deg_s:0.488	i_deg_s:0.000	d_deg_s:0.000	pid_deg_s:0.488	speed_deg_s:0.000	u_deg_s:0.000	v_limit_deg_s:10.000	dt_ms:10.001	kp:2.0000	ki:0.0000	kd:0.0000	t_s:20.302
target_deg:10.000	position_deg:9.756	error_deg:0.244	p_deg_s:0.488	i_deg_s:0.000	d_deg_s:0.000	pid_deg_s:0.488	speed_deg_s:0.000	u_deg_s:0.000	v_limit_deg_s:10.000	dt_ms:10.003	kp:2.0000	ki:0.0000	kd:0.0000	t_s:20.402
target_deg:10.000	position_deg:9.756	error_deg:0.244	p_deg_s:0.488	i_deg_s:0.000	d_deg_s:0.000	pid_deg_s:0.488	speed_deg_s:0.000	u_deg_s:0.000	v_limit_deg_s:10.000	dt_ms:10.001	kp:2.0000	ki:0.0000	kd:0.0000	t_s:20.502
target_deg:10.000	position_deg:9.756	error_deg:0.244	p_deg_s:0.488	i_deg_s:0.000	d_deg_s:0.000	pid_deg_s:0.488	speed_deg_s:0.000	u_deg_s:0.000	v_limit_deg_s:10.000	dt_ms:10.000	kp:2.0000	ki:0.0000	kd:0.0000	t_s:20.602
target_deg:10.000	position_deg:9.756	error_deg:0.244	p_deg_s:0.488	i_deg_s:0.000	d_deg_s:0.000	pid_deg_s:0.488	speed_deg_s:0.000	u_deg_s:0.000	v_limit_deg_s:10.000	dt_ms:10.001	kp:2.0000	ki:0.0000	kd:0.0000	t_s:20.702
target_deg:10.000	position_deg:9.756	error_deg:0.244	p_deg_s:0.488	i_deg_s:0.000	d_deg_s:0.000	pid_deg_s:0.488	speed_deg_s:0.000	u_deg_s:0.000	v_limit_deg_s:10.000	dt_ms:10.002	kp:2.0000	ki:0.0000	kd:0.0000	t_s:20.802
target_deg:10.000	position_deg:9.756	error_deg:0.244	p_deg_s:0.488	i_deg_s:0.000	d_deg_s:0.000	pid_deg_s:0.488	speed_deg_s:0.000	u_deg_s:0.000	v_limit_deg_s:10.000	dt_ms:10.000	kp:2.0000	ki:0.0000	kd:0.0000	t_s:20.902
target_deg:10.000	position_deg:9.756	error_deg:0.244	p_deg_s:0.488	i_deg_s:0.000	d_deg_s:0.000	pid_deg_s:0.488	speed_deg_s:0.000	u_deg_s:0.000	v_limit_deg_s:10.000	dt_ms:10.002	kp:2.0000	ki:0.0000	kd:0.0000	t_s:21.002
target_deg:10.000	position_deg:9.756	error_deg:0.244	p_deg_s:0.488	i_deg_s:0.000	d_deg_s:0.000	pid_deg_s:0.488	speed_deg_s:0.000	u_deg_s:0.000	v_limit_deg_s:10.000	dt_ms:10.002	kp:2.0000	ki:0.0000	kd:0.0000	t_s:21.102
target_deg:10.000	position_deg:9.756	error_deg:0.244	p_deg_s:0.488	i_deg_s:0.000	d_deg_s:0.000	pid_deg_s:0.488	speed_deg_s:0.000	u_deg_s:0.000	v_limit_deg_s:10.000	dt_ms:10.001	kp:2.0000	ki:0.0000	kd:0.0000	t_s:21.202
target_deg:10.000	position_deg:9.756	error_deg:0.244	p_deg_s:0.488	i_deg_s:0.000	d_deg_s:0.000	pid_deg_s:0.488	speed_deg_s:0.000	u_deg_s:0.000	v_limit_deg_s:10.000	dt_ms:10.000	kp:2.0000	ki:0.0000	kd:0.0000	t_s:21.302
target_deg:10.000	position_deg:9.756	error_deg:0.244	p_deg_s:0.488	i_deg_s:0.000	d_deg_s:0.000	pid_deg_s:0.488	speed_deg_s:0.000	u_deg_s:0.000	v_limit_deg_s:10.000	dt_ms:10.001	kp:2.0000	ki:0.0000	kd:0.0000	t_s:21.402
target_deg:10.000	position_deg:9.756	error_deg:0.244	p_deg_s:0.488	i_deg_s:0.000	d_deg_s:0.000	pid_deg_s:0.488	speed_deg_s:0.000	u_deg_s:0.000	v_limit_deg_s:10.000	dt_ms:10.002	kp:2.0000	ki:0.0000	kd:0.0000	t_s:21.503
target_deg:10.000	position_deg:9.756	error_deg:0.244	p_deg_s:0.488	i_deg_s:0.000	d_deg_s:0.000	pid_deg_s:0.488	speed_deg_s:0.000	u_deg_s:0.000	v_limit_deg_s:10.000	dt_ms:10.001	kp:2.0000	ki:0.0000	kd:0.0000	t_s:21.603
target_deg:10.000	position_deg:9.756	error_deg:0.244	p_deg_s:0.488	i_deg_s:0.000	d_deg_s:0.000	pid_deg_s:0.488	speed_deg_s:0.000	u_deg_s:0.000	v_limit_deg_s:10.000	dt_ms:10.002	kp:2.0000	ki:0.0000	kd:0.0000	t_s:21.703
target_deg:10.000	position_deg:9.756	error_deg:0.244	p_deg_s:0.488	i_deg_s:0.000	d_deg_s:0.000	pid_deg_s:0.488	speed_deg_s:0.000	u_deg_s:0.000	v_limit_deg_s:10.000	dt_ms:10.001	kp:2.0000	ki:0.0000	kd:0.0000	t_s:21.803
target_deg:10.000	position_deg:9.756	error_deg:0.244	p_deg_s:0.488	i_deg_s:0.000	d_deg_s:0.000	pid_deg_s:0.488	speed_deg_s:0.000	u_deg_s:0.000	v_limit_deg_s:10.000	dt_ms:10.003	kp:2.0000	ki:0.0000	kd:0.0000	t_s:21.903
target_deg:10.000	position_deg:9.756	error_deg:0.244	p_deg_s:0.488	i_deg_s:0.000	d_deg_s:0.000	pid_deg_s:0.488	speed_deg_s:0.000	u_deg_s:0.000	v_limit_deg_s:10.000	dt_ms:10.001	kp:2.0000	ki:0.0000	kd:0.0000	t_s:22.003
target_deg:10.000	position_deg:9.756	error_deg:0.244	p_deg_s:0.488	i_deg_s:0.000	d_deg_s:0.000	pid_deg_s:0.488	speed_deg_s:0.000	u_deg_s:0.000	v_limit_deg_s:10.000	dt_ms:10.002	kp:2.0000	ki:0.0000	kd:0.0000	t_s:22.103
target_deg:10.000	position_deg:9.756	error_deg:0.244	p_deg_s:0.488	i_deg_s:0.000	d_deg_s:0.000	pid_deg_s:0.488	speed_deg_s:0.000	u_deg_s:0.000	v_limit_deg_s:10.000	dt_ms:10.001	kp:2.0000	ki:0.0000	kd:0.0000	t_s:22.203
target_deg:10.000	position_deg:9.756	error_deg:0.244	p_deg_s:0.488	i_deg_s:0.000	d_deg_s:0.000	pid_deg_s:0.488	speed_deg_s:0.000	u_deg_s:0.000	v_limit_deg_s:10.000	dt_ms:10.001	kp:2.0000	ki:0.0000	kd:0.0000	t_s:22.303
target_deg:10.000	position_deg:9.756	error_deg:0.244	p_deg_s:0.488	i_deg_s:0.000	d_deg_s:0.000	pid_deg_s:0.488	speed_deg_s:0.000	u_deg_s:0.000	v_limit_deg_s:10.000	dt_ms:10.002	kp:2.0000	ki:0.0000	kd:0.0000	t_s:22.403
target_deg:10.000	position_deg:9.756	error_deg:0.244	p_deg_s:0.488	i_deg_s:0.000	d_deg_s:0.000	pid_deg_s:0.488	speed_deg_s:0.000	u_deg_s:0.000	v_limit_deg_s:10.000	dt_ms:10.002	kp:2.0000	ki:0.0000	kd:0.0000	t_s:22.503
target_deg:10.000	position_deg:9.756	error_deg:0.244	p_deg_s:0.488	i_deg_s:0.000	d_deg_s:0.000	pid_deg_s:0.488	speed_deg_s:0.000	u_deg_s:0.000	v_limit_deg_s:10.000	dt_ms:10.001	kp:2.0000	ki:0.0000	kd:0.0000	t_s:22.603
target_deg:10.000	position_deg:9.756	error_deg:0.244	p_deg_s:0.488	i_deg_s:0.000	d_deg_s:0.000	pid_deg_s:0.488	speed_deg_s:0.000	u_deg_s:0.000	v_limit_deg_s:10.000	dt_ms:10.000	kp:2.0000	ki:0.0000	kd:0.0000	t_s:22.703
target_deg:10.000	position_deg:9.756	error_deg:0.244	p_deg_s:0.488	i_deg_s:0.000	d_deg_s:0.000	pid_deg_s:0.488	speed_deg_s:0.000	u_deg_s:0.000	v_limit_deg_s:10.000	dt_ms:10.002	kp:2.0000	ki:0.0000	kd:0.0000	t_s:22.803
target_deg:10.000	position_deg:9.756	error_deg:0.244	p_deg_s:0.488	i_deg_s:0.000	d_deg_s:0.000	pid_deg_s:0.488	speed_deg_s:0.000	u_deg_s:0.000	v_limit_deg_s:10.000	dt_ms:10.002	kp:2.0000	ki:0.0000	kd:0.0000	t_s:22.903
target_deg:10.000	position_deg:9.756	error_deg:0.244	p_deg_s:0.488	i_deg_s:0.000	d_deg_s:0.000	pid_deg_s:0.488	speed_deg_s:0.000	u_deg_s:0.000	v_limit_deg_s:10.000	dt_ms:10.002	kp:2.0000	ki:0.0000	kd:0.0000	t_s:23.003
target_deg:10.000	position_deg:9.756	error_deg:0.244	p_deg_s:0.488	i_deg_s:0.000	d_deg_s:0.000	pid_deg_s:0.488	speed_deg_s:0.000	u_deg_s:0.000	v_limit_deg_s:10.000	dt_ms:10.001	kp:2.0000	ki:0.0000	kd:0.0000	t_s:23.103
target_deg:10.000	position_deg:9.756	error_deg:0.244	p_deg_s:0.488	i_deg_s:0.000	d_deg_s:0.000	pid_deg_s:0.488	speed_deg_s:0.000	u_deg_s:0.000	v_limit_deg_s:10.000	dt_ms:10.001	kp:2.0000	ki:0.0000	kd:0.0000	t_s:23.203
target_deg:10.000	position_deg:9.756	error_deg:0.244	p_deg_s:0.488	i_deg_s:0.000	d_deg_s:0.000	pid_deg_s:0.488	speed_deg_s:0.000	u_deg_s:0.000	v_limit_deg_s:10.000	dt_ms:10.001	kp:2.0000	ki:0.0000	kd:0.0000	t_s:23.303
target_deg:10.000	position_deg:9.756	error_deg:0.244	p_deg_s:0.488	i_deg_s:0.000	d_deg_s:0.000	pid_deg_s:0.488	speed_deg_s:0.000	u_deg_s:0.000	v_limit_deg_s:10.000	dt_ms:10.001	kp:2.0000	ki:0.0000	kd:0.0000	t_s:23.403
target_deg:10.000	position_deg:9.756	error_deg:0.244	p_deg_s:0.488	i_deg_s:0.000	d_deg_s:0.000	pid_deg_s:0.488	speed_deg_s:0.000	u_deg_s:0.000	v_limit_deg_s:10.000	dt_ms:10.001	kp:2.0000	ki:0.0000	kd:0.0000	t_s:23.503
target_deg:10.000	position_deg:9.756	error_deg:0.244	p_deg_s:0.488	i_deg_s:0.000	d_deg_s:0.000	pid_deg_s:0.488	speed_deg_s:0.000	u_deg_s:0.000	v_limit_deg_s:10.000	dt_ms:10.001	kp:2.0000	ki:0.0000	kd:0.0000	t_s:23.603
target_deg:10.000	position_deg:9.756	error_deg:0.244	p_deg_s:0.488	i_deg_s:0.000	d_deg_s:0.000	pid_deg_s:0.488	speed_deg_s:0.000	u_deg_s:0.000	v_limit_deg_s:10.000	dt_ms:10.002	kp:2.0000	ki:0.0000	kd:0.0000	t_s:23.703
target_deg:10.000	position_deg:9.756	error_deg:0.244	p_deg_s:0.488	i_deg_s:0.000	d_deg_s:0.000	pid_deg_s:0.488	speed_deg_s:0.000	u_deg_s:0.000	v_limit_deg_s:10.000	dt_ms:10.001	kp:2.0000	ki:0.0000	kd:0.0000	t_s:23.803
target_deg:10.000	position_deg:9.756	error_deg:0.244	p_deg_s:0.488	i_deg_s:0.000	d_deg_s:0.000	pid_deg_s:0.488	speed_deg_s:0.000	u_deg_s:0.000	v_limit_deg_s:10.000	dt_ms:10.000	kp:2.0000	ki:0.0000	kd:0.0000	t_s:23.903
target_deg:10.000	position_deg:9.756	error_deg:0.244	p_deg_s:0.488	i_deg_s:0.000	d_deg_s:0.000	pid_deg_s:0.488	speed_deg_s:0.000	u_deg_s:0.000	v_limit_deg_s:10.000	dt_ms:10.002	kp:2.0000	ki:0.0000	kd:0.0000	t_s:24.003
target_deg:10.000	position_deg:9.756	error_deg:0.244	p_deg_s:0.488	i_deg_s:0.000	d_deg_s:0.000	pid_deg_s:0.488	speed_deg_s:0.000	u_deg_s:0.000	v_limit_deg_s:10.000	dt_ms:10.003	kp:2.0000	ki:0.0000	kd:0.0000	t_s:24.103
target_deg:10.000	position_deg:9.756	error_deg:0.244	p_deg_s:0.488	i_deg_s:0.000	d_deg_s:0.000	pid_deg_s:0.488	speed_deg_s:0.000	u_deg_s:0.000	v_limit_deg_s:10.000	dt_ms:10.001	kp:2.0000	ki:0.0000	kd:0.0000	t_s:24.203
target_deg:10.000	position_deg:9.756	error_deg:0.244	p_deg_s:0.488	i_deg_s:0.000	d_deg_s:0.000	pid_deg_s:0.488	speed_deg_s:0.000	u_deg_s:0.000	v_limit_deg_s:10.000	dt_ms:10.002	kp:2.0000	ki:0.0000	kd:0.0000	t_s:24.303
target_deg:10.000	position_deg:9.756	error_deg:0.244	p_deg_s:0.488	i_deg_s:0.000	d_deg_s:0.000	pid_deg_s:0.488	speed_deg_s:0.000	u_deg_s:0.000	v_limit_deg_s:10.000	dt_ms:10.002	kp:2.0000	ki:0.0000	kd:0.0000	t_s:24.403
target_deg:10.000	position_deg:9.756	error_deg:0.244	p_deg_s:0.488	i_deg_s:0.000	d_deg_s:0.000	pid_deg_s:0.488	speed_deg_s:0.000	u_deg_s:0.000	v_limit_deg_s:10.000	dt_ms:10.001	kp:2.0000	ki:0.0000	kd:0.0000	t_s:24.503
target_deg:10.000	position_deg:9.756	error_deg:0.244	p_deg_s:0.488	i_deg_s:0.000	d_deg_s:0.000	pid_deg_s:0.488	speed_deg_s:0.000	u_deg_s:0.000	v_limit_deg_s:10.000	dt_ms:10.002	kp:2.0000	ki:0.0000	kd:0.0000	t_s:24.603
target_deg:10.000	position_deg:9.756	error_deg:0.244	p_deg_s:0.488	i_deg_s:0.000	d_deg_s:0.000	pid_deg_s:0.488	speed_deg_s:0.000	u_deg_s:0.000	v_limit_deg_s:10.000	dt_ms:10.000	kp:2.0000	ki:0.0000	kd:0.0000	t_s:24.703
target_deg:10.000	position_deg:9.756	error_deg:0.244	p_deg_s:0.488	i_deg_s:0.000	d_deg_s:0.000	pid_deg_s:0.488	speed_deg_s:0.000	u_deg_s:0.000	v_limit_deg_s:10.000	dt_ms:10.002	kp:2.0000	ki:0.0000	kd:0.0000	t_s:24.803
target_deg:10.000	position_deg:9.756	error_deg:0.244	p_deg_s:0.488	i_deg_s:0.000	d_deg_s:0.000	pid_deg_s:0.488	speed_deg_s:0.000	u_deg_s:0.000	v_limit_deg_s:10.000	dt_ms:10.002	kp:2.0000	ki:0.0000	kd:0.0000	t_s:24.903
target_deg:10.000	position_deg:9.756	error_deg:0.244	p_deg_s:0.488	i_deg_s:0.000	d_deg_s:0.000	pid_deg_s:0.488	speed_deg_s:0.000	u_deg_s:0.000	v_limit_deg_s:10.000	dt_ms:10.002	kp:2.0000	ki:0.0000	kd:0.0000	t_s:25.003
target_deg:10.000	position_deg:9.756	error_deg:0.244	p_deg_s:0.488	i_deg_s:0.000	d_deg_s:0.000	pid_deg_s:0.488	speed_deg_s:0.000	u_deg_s:0.000	v_limit_deg_s:10.000	dt_ms:10.002	kp:2.0000	ki:0.0000	kd:0.0000	t_s:25.103
target_deg:10.000	position_deg:9.756	error_deg:0.244	p_deg_s:0.488	i_deg_s:0.000	d_deg_s:0.000	pid_deg_s:0.488	speed_deg_s:0.000	u_deg_s:0.000	v_limit_deg_s:10.000	dt_ms:10.001	kp:2.0000	ki:0.0000	kd:0.0000	t_s:25.203
target_deg:10.000	position_deg:9.756	error_deg:0.244	p_deg_s:0.488	i_deg_s:0.000	d_deg_s:0.000	pid_deg_s:0.488	speed_deg_s:0.000	u_deg_s:0.000	v_limit_deg_s:10.000	dt_ms:10.001	kp:2.0000	ki:0.0000	kd:0.0000	t_s:25.303
target_deg:10.000	position_deg:9.756	error_deg:0.244	p_deg_s:0.488	i_deg_s:0.000	d_deg_s:0.000	pid_deg_s:0.488	speed_deg_s:0.000	u_deg_s:0.000	v_limit_deg_s:10.000	dt_ms:10.002	kp:2.0000	ki:0.0000	kd:0.0000	t_s:25.403
target_deg:10.000	position_deg:9.756	error_deg:0.244	p_deg_s:0.488	i_deg_s:0.000	d_deg_s:0.000	pid_deg_s:0.488	speed_deg_s:0.000	u_deg_s:0.000	v_limit_deg_s:10.000	dt_ms:10.002	kp:2.0000	ki:0.0000	kd:0.0000	t_s:25.503
target_deg:10.000	position_deg:9.756	error_deg:0.244	p_deg_s:0.488	i_deg_s:0.000	d_deg_s:0.000	pid_deg_s:0.488	speed_deg_s:0.000	u_deg_s:0.000	v_limit_deg_s:10.000	dt_ms:10.001	kp:2.0000	ki:0.0000	kd:0.0000	t_s:25.603
target_deg:10.000	position_deg:9.756	error_deg:0.244	p_deg_s:0.488	i_deg_s:0.000	d_deg_s:0.000	pid_deg_s:0.488	speed_deg_s:0.000	u_deg_s:0.000	v_limit_deg_s:10.000	dt_ms:10.001	kp:2.0000	ki:0.0000	kd:0.0000	t_s:25.703
target_deg:10.000	position_deg:9.756	error_deg:0.244	p_deg_s:0.488	i_deg_s:0.000	d_deg_s:0.000	pid_deg_s:0.488	speed_deg_s:0.000	u_deg_s:0.000	v_limit_deg_s:10.000	dt_ms:10.003	kp:2.0000	ki:0.0000	kd:0.0000	t_s:25.803
target_deg:10.000	position_deg:9.756	error_deg:0.244	p_deg_s:0.488	i_deg_s:0.000	d_deg_s:0.000	pid_deg_s:0.488	speed_deg_s:0.000	u_deg_s:0.000	v_limit_deg_s:10.000	dt_ms:10.001	kp:2.0000	ki:0.0000	kd:0.0000	t_s:25.903
target_deg:10.000	position_deg:9.756	error_deg:0.244	p_deg_s:0.488	i_deg_s:0.000	d_deg_s:0.000	pid_deg_s:0.488	speed_deg_s:0.000	u_deg_s:0.000	v_limit_deg_s:10.000	dt_ms:10.003	kp:2.0000	ki:0.0000	kd:0.0000	t_s:26.003
target_deg:10.000	position_deg:9.756	error_deg:0.244	p_deg_s:0.488	i_deg_s:0.000	d_deg_s:0.000	pid_deg_s:0.488	speed_deg_s:0.000	u_deg_s:0.000	v_limit_deg_s:10.000	dt_ms:10.001	kp:2.0000	ki:0.0000	kd:0.0000	t_s:26.103
target_deg:10.000	position_deg:9.756	error_deg:0.244	p_deg_s:0.488	i_deg_s:0.000	d_deg_s:0.000	pid_deg_s:0.488	speed_deg_s:0.000	u_deg_s:0.000	v_limit_deg_s:10.000	dt_ms:10.001	kp:2.0000	ki:0.0000	kd:0.0000	t_s:26.203
target_deg:10.000	position_deg:9.756	error_deg:0.244	p_deg_s:0.488	i_deg_s:0.000	d_deg_s:0.000	pid_deg_s:0.488	speed_deg_s:0.000	u_deg_s:0.000	v_limit_deg_s:10.000	dt_ms:10.002	kp:2.0000	ki:0.0000	kd:0.0000	t_s:26.303
target_deg:10.000	position_deg:9.756	error_deg:0.244	p_deg_s:0.488	i_deg_s:0.000	d_deg_s:0.000	pid_deg_s:0.488	speed_deg_s:0.000	u_deg_s:0.000	v_limit_deg_s:10.000	dt_ms:10.001	kp:2.0000	ki:0.0000	kd:0.0000	t_s:26.403
target_deg:10.000	position_deg:9.756	error_deg:0.244	p_deg_s:0.488	i_deg_s:0.000	d_deg_s:0.000	pid_deg_s:0.488	speed_deg_s:0.000	u_deg_s:0.000	v_limit_deg_s:10.000	dt_ms:10.001	kp:2.0000	ki:0.0000	kd:0.0000	t_s:26.503
target_deg:10.000	position_deg:9.756	error_deg:0.244	p_deg_s:0.488	i_deg_s:0.000	d_deg_s:0.000	pid_deg_s:0.488	speed_deg_s:0.000	u_deg_s:0.000	v_limit_deg_s:10.000	dt_ms:10.002	kp:2.0000	ki:0.0000	kd:0.0000	t_s:26.603
target_deg:10.000	position_deg:9.756	error_deg:0.244	p_deg_s:0.488	i_deg_s:0.000	d_deg_s:0.000	pid_deg_s:0.488	speed_deg_s:0.000	u_deg_s:0.000	v_limit_deg_s:10.000	dt_ms:10.001	kp:2.0000	ki:0.0000	kd:0.0000	t_s:26.703
target_deg:10.000	position_deg:9.668	error_deg:0.332	p_deg_s:0.664	i_deg_s:0.000	d_deg_s:0.000	pid_deg_s:0.664	speed_deg_s:0.000	u_deg_s:0.000	v_limit_deg_s:10.000	dt_ms:10.003	kp:2.0000	ki:0.0000	kd:0.0000	t_s:26.803
target_deg:10.000	position_deg:9.756	error_deg:0.244	p_deg_s:0.488	i_deg_s:0.000	d_deg_s:0.000	pid_deg_s:0.488	speed_deg_s:0.000	u_deg_s:0.000	v_limit_deg_s:10.000	dt_ms:10.000	kp:2.0000	ki:0.0000	kd:0.0000	t_s:26.903
target_deg:10.000	position_deg:9.756	error_deg:0.244	p_deg_s:0.488	i_deg_s:0.000	d_deg_s:0.000	pid_deg_s:0.488	speed_deg_s:0.000	u_deg_s:0.000	v_limit_deg_s:10.000	dt_ms:10.002	kp:2.0000	ki:0.0000	kd:0.0000	t_s:27.003
target_deg:10.000	position_deg:9.756	error_deg:0.244	p_deg_s:0.488	i_deg_s:0.000	d_deg_s:0.000	pid_deg_s:0.488	speed_deg_s:0.000	u_deg_s:0.000	v_limit_deg_s:10.000	dt_ms:10.003	kp:2.0000	ki:0.0000	kd:0.0000	t_s:27.103
target_deg:10.000	position_deg:9.756	error_deg:0.244	p_deg_s:0.488	i_deg_s:0.000	d_deg_s:0.000	pid_deg_s:0.488	speed_deg_s:0.000	u_deg_s:0.000	v_limit_deg_s:10.000	dt_ms:10.002	kp:2.0000	ki:0.0000	kd:0.0000	t_s:27.203
target_deg:10.000	position_deg:9.756	error_deg:0.244	p_deg_s:0.488	i_deg_s:0.000	d_deg_s:0.000	pid_deg_s:0.488	speed_deg_s:0.000	u_deg_s:0.000	v_limit_deg_s:10.000	dt_ms:10.002	kp:2.0000	ki:0.0000	kd:0.0000	t_s:27.303
target_deg:10.000	position_deg:9.668	error_deg:0.332	p_deg_s:0.664	i_deg_s:0.000	d_deg_s:0.000	pid_deg_s:0.664	speed_deg_s:0.000	u_deg_s:0.000	v_limit_deg_s:10.000	dt_ms:10.001	kp:2.0000	ki:0.0000	kd:0.0000	t_s:27.403
target_deg:10.000	position_deg:9.756	error_deg:0.244	p_deg_s:0.488	i_deg_s:0.000	d_deg_s:0.000	pid_deg_s:0.488	speed_deg_s:0.000	u_deg_s:0.000	v_limit_deg_s:10.000	dt_ms:10.000	kp:2.0000	ki:0.0000	kd:0.0000	t_s:27.503
target_deg:10.000	position_deg:9.756	error_deg:0.244	p_deg_s:0.488	i_deg_s:0.000	d_deg_s:0.000	pid_deg_s:0.488	speed_deg_s:0.000	u_deg_s:0.000	v_limit_deg_s:10.000	dt_ms:10.001	kp:2.0000	ki:0.0000	kd:0.0000	t_s:27.603
target_deg:10.000	position_deg:9.756	error_deg:0.244	p_deg_s:0.488	i_deg_s:0.000	d_deg_s:0.000	pid_deg_s:0.488	speed_deg_s:0.000	u_deg_s:0.000	v_limit_deg_s:10.000	dt_ms:10.002	kp:2.0000	ki:0.0000	kd:0.0000	t_s:27.703
target_deg:10.000	position_deg:9.756	error_deg:0.244	p_deg_s:0.488	i_deg_s:0.000	d_deg_s:0.000	pid_deg_s:0.488	speed_deg_s:0.000	u_deg_s:0.000	v_limit_deg_s:10.000	dt_ms:10.001	kp:2.0000	ki:0.0000	kd:0.0000	t_s:27.803
target_deg:10.000	position_deg:9.756	error_deg:0.244	p_deg_s:0.488	i_deg_s:0.000	d_deg_s:0.000	pid_deg_s:0.488	speed_deg_s:0.000	u_deg_s:0.000	v_limit_deg_s:10.000	dt_ms:10.001	kp:2.0000	ki:0.0000	kd:0.0000	t_s:27.903
target_deg:10.000	position_deg:9.756	error_deg:0.244	p_deg_s:0.488	i_deg_s:0.000	d_deg_s:0.000	pid_deg_s:0.488	speed_deg_s:0.000	u_deg_s:0.000	v_limit_deg_s:10.000	dt_ms:10.002	kp:2.0000	ki:0.0000	kd:0.0000	t_s:28.003
target_deg:10.000	position_deg:9.668	error_deg:0.332	p_deg_s:0.664	i_deg_s:0.000	d_deg_s:0.000	pid_deg_s:0.664	speed_deg_s:0.000	u_deg_s:0.000	v_limit_deg_s:10.000	dt_ms:10.002	kp:2.0000	ki:0.0000	kd:0.0000	t_s:28.103
target_deg:10.000	position_deg:9.756	error_deg:0.244	p_deg_s:0.488	i_deg_s:0.000	d_deg_s:0.000	pid_deg_s:0.488	speed_deg_s:0.000	u_deg_s:0.000	v_limit_deg_s:10.000	dt_ms:10.001	kp:2.0000	ki:0.0000	kd:0.0000	t_s:28.203
target_deg:10.000	position_deg:9.756	error_deg:0.244	p_deg_s:0.488	i_deg_s:0.000	d_deg_s:0.000	pid_deg_s:0.488	speed_deg_s:0.000	u_deg_s:0.000	v_limit_deg_s:10.000	dt_ms:10.002	kp:2.0000	ki:0.0000	kd:0.0000	t_s:28.303
target_deg:10.000	position_deg:9.756	error_deg:0.244	p_deg_s:0.488	i_deg_s:0.000	d_deg_s:0.000	pid_deg_s:0.488	speed_deg_s:0.000	u_deg_s:0.000	v_limit_deg_s:10.000	dt_ms:10.001	kp:2.0000	ki:0.0000	kd:0.0000	t_s:28.403
target_deg:10.000	position_deg:9.756	error_deg:0.244	p_deg_s:0.488	i_deg_s:0.000	d_deg_s:0.000	pid_deg_s:0.488	speed_deg_s:0.000	u_deg_s:0.000	v_limit_deg_s:10.000	dt_ms:10.001	kp:2.0000	ki:0.0000	kd:0.0000	t_s:28.503
target_deg:10.000	position_deg:9.756	error_deg:0.244	p_deg_s:0.488	i_deg_s:0.000	d_deg_s:0.000	pid_deg_s:0.488	speed_deg_s:0.000	u_deg_s:0.000	v_limit_deg_s:10.000	dt_ms:10.001	kp:2.0000	ki:0.0000	kd:0.0000	t_s:28.603
target_deg:10.000	position_deg:9.756	error_deg:0.244	p_deg_s:0.488	i_deg_s:0.000	d_deg_s:0.000	pid_deg_s:0.488	speed_deg_s:0.000	u_deg_s:0.000	v_limit_deg_s:10.000	dt_ms:10.001	kp:2.0000	ki:0.0000	kd:0.0000	t_s:28.703
target_deg:10.000	position_deg:9.756	error_deg:0.244	p_deg_s:0.488	i_deg_s:0.000	d_deg_s:0.000	pid_deg_s:0.488	speed_deg_s:0.000	u_deg_s:0.000	v_limit_deg_s:10.000	dt_ms:10.003	kp:2.0000	ki:0.0000	kd:0.0000	t_s:28.803
target_deg:10.000	position_deg:9.756	error_deg:0.244	p_deg_s:0.488	i_deg_s:0.000	d_deg_s:0.000	pid_deg_s:0.488	speed_deg_s:0.000	u_deg_s:0.000	v_limit_deg_s:10.000	dt_ms:10.000	kp:2.0000	ki:0.0000	kd:0.0000	t_s:28.903
target_deg:10.000	position_deg:9.756	error_deg:0.244	p_deg_s:0.488	i_deg_s:0.000	d_deg_s:0.000	pid_deg_s:0.488	speed_deg_s:0.000	u_deg_s:0.000	v_limit_deg_s:10.000	dt_ms:10.001	kp:2.0000	ki:0.0000	kd:0.0000	t_s:29.003
target_deg:10.000	position_deg:9.756	error_deg:0.244	p_deg_s:0.488	i_deg_s:0.000	d_deg_s:0.000	pid_deg_s:0.488	speed_deg_s:0.000	u_deg_s:0.000	v_limit_deg_s:10.000	dt_ms:10.001	kp:2.0000	ki:0.0000	kd:0.0000	t_s:29.103
target_deg:10.000	position_deg:9.756	error_deg:0.244	p_deg_s:0.488	i_deg_s:0.000	d_deg_s:0.000	pid_deg_s:0.488	speed_deg_s:0.000	u_deg_s:0.000	v_limit_deg_s:10.000	dt_ms:10.001	kp:2.0000	ki:0.0000	kd:0.0000	t_s:29.203
target_deg:10.000	position_deg:9.756	error_deg:0.244	p_deg_s:0.488	i_deg_s:0.000	d_deg_s:0.000	pid_deg_s:0.488	speed_deg_s:0.000	u_deg_s:0.000	v_limit_deg_s:10.000	dt_ms:10.001	kp:2.0000	ki:0.0000	kd:0.0000	t_s:29.304
target_deg:10.000	position_deg:9.756	error_deg:0.244	p_deg_s:0.488	i_deg_s:0.000	d_deg_s:0.000	pid_deg_s:0.488	speed_deg_s:0.000	u_deg_s:0.000	v_limit_deg_s:10.000	dt_ms:10.001	kp:2.0000	ki:0.0000	kd:0.0000	t_s:29.404
target_deg:10.000	position_deg:9.756	error_deg:0.244	p_deg_s:0.488	i_deg_s:0.000	d_deg_s:0.000	pid_deg_s:0.488	speed_deg_s:0.000	u_deg_s:0.000	v_limit_deg_s:10.000	dt_ms:10.001	kp:2.0000	ki:0.0000	kd:0.0000	t_s:29.504
target_deg:10.000	position_deg:9.756	error_deg:0.244	p_deg_s:0.488	i_deg_s:0.000	d_deg_s:0.000	pid_deg_s:0.488	speed_deg_s:0.000	u_deg_s:0.000	v_limit_deg_s:10.000	dt_ms:10.001	kp:2.0000	ki:0.0000	kd:0.0000	t_s:29.604
target_deg:10.000	position_deg:9.756	error_deg:0.244	p_deg_s:0.488	i_deg_s:0.000	d_deg_s:0.000	pid_deg_s:0.488	speed_deg_s:0.000	u_deg_s:0.000	v_limit_deg_s:10.000	dt_ms:10.001	kp:2.0000	ki:0.0000	kd:0.0000	t_s:29.704
target_deg:10.000	position_deg:9.756	error_deg:0.244	p_deg_s:0.488	i_deg_s:0.000	d_deg_s:0.000	pid_deg_s:0.488	speed_deg_s:0.000	u_deg_s:0.000	v_limit_deg_s:10.000	dt_ms:10.002	kp:2.0000	ki:0.0000	kd:0.0000	t_s:29.804
target_deg:10.000	position_deg:9.756	error_deg:0.244	p_deg_s:0.488	i_deg_s:0.000	d_deg_s:0.000	pid_deg_s:0.488	speed_deg_s:0.000	u_deg_s:0.000	v_limit_deg_s:10.000	dt_ms:10.002	kp:2.0000	ki:0.0000	kd:0.0000	t_s:29.904
target_deg:10.000	position_deg:9.756	error_deg:0.244	p_deg_s:0.488	i_deg_s:0.000	d_deg_s:0.000	pid_deg_s:0.488	speed_deg_s:0.000	u_deg_s:0.000	v_limit_deg_s:10.000	dt_ms:10.001	kp:2.0000	ki:0.0000	kd:0.0000	t_s:30.004
target_deg:10.000	position_deg:9.668	error_deg:0.332	p_deg_s:0.664	i_deg_s:0.000	d_deg_s:0.000	pid_deg_s:0.664	speed_deg_s:0.000	u_deg_s:0.000	v_limit_deg_s:10.000	dt_ms:10.001	kp:2.0000	ki:0.0000	kd:0.0000	t_s:30.104
target_deg:10.000	position_deg:9.756	error_deg:0.244	p_deg_s:0.488	i_deg_s:0.000	d_deg_s:0.000	pid_deg_s:0.488	speed_deg_s:0.000	u_deg_s:0.000	v_limit_deg_s:10.000	dt_ms:10.000	kp:2.0000	ki:0.0000	kd:0.0000	t_s:30.204
target_deg:10.000	position_deg:9.756	error_deg:0.244	p_deg_s:0.488	i_deg_s:0.000	d_deg_s:0.000	pid_deg_s:0.488	speed_deg_s:0.000	u_deg_s:0.000	v_limit_deg_s:10.000	dt_ms:10.000	kp:2.0000	ki:0.0000	kd:0.0000	t_s:30.304
target_deg:10.000	position_deg:9.756	error_deg:0.244	p_deg_s:0.488	i_deg_s:0.000	d_deg_s:0.000	pid_deg_s:0.488	speed_deg_s:0.000	u_deg_s:0.000	v_limit_deg_s:10.000	dt_ms:10.002	kp:2.0000	ki:0.0000	kd:0.0000	t_s:30.404
target_deg:10.000	position_deg:9.756	error_deg:0.244	p_deg_s:0.488	i_deg_s:0.000	d_deg_s:0.000	pid_deg_s:0.488	speed_deg_s:0.000	u_deg_s:0.000	v_limit_deg_s:10.000	dt_ms:10.002	kp:2.0000	ki:0.0000	kd:0.0000	t_s:30.504
target_deg:10.000	position_deg:9.756	error_deg:0.244	p_deg_s:0.488	i_deg_s:0.000	d_deg_s:0.000	pid_deg_s:0.488	speed_deg_s:0.000	u_deg_s:0.000	v_limit_deg_s:10.000	dt_ms:10.001	kp:2.0000	ki:0.0000	kd:0.0000	t_s:30.604
target_deg:10.000	position_deg:9.668	error_deg:0.332	p_deg_s:0.664	i_deg_s:0.000	d_deg_s:0.000	pid_deg_s:0.664	speed_deg_s:0.000	u_deg_s:0.000	v_limit_deg_s:10.000	dt_ms:10.000	kp:2.0000	ki:0.0000	kd:0.0000	t_s:30.704
target_deg:10.000	position_deg:9.756	error_deg:0.244	p_deg_s:0.488	i_deg_s:0.000	d_deg_s:0.000	pid_deg_s:0.488	speed_deg_s:0.000	u_deg_s:0.000	v_limit_deg_s:10.000	dt_ms:10.002	kp:2.0000	ki:0.0000	kd:0.0000	t_s:30.804
target_deg:10.000	position_deg:9.756	error_deg:0.244	p_deg_s:0.488	i_deg_s:0.000	d_deg_s:0.000	pid_deg_s:0.488	speed_deg_s:0.000	u_deg_s:0.000	v_limit_deg_s:10.000	dt_ms:10.002	kp:2.0000	ki:0.0000	kd:0.0000	t_s:30.904
target_deg:10.000	position_deg:9.756	error_deg:0.244	p_deg_s:0.488	i_deg_s:0.000	d_deg_s:0.000	pid_deg_s:0.488	speed_deg_s:0.000	u_deg_s:0.000	v_limit_deg_s:10.000	dt_ms:10.001	kp:2.0000	ki:0.0000	kd:0.0000	t_s:31.004
target_deg:10.000	position_deg:9.756	error_deg:0.244	p_deg_s:0.488	i_deg_s:0.000	d_deg_s:0.000	pid_deg_s:0.488	speed_deg_s:0.000	u_deg_s:0.000	v_limit_deg_s:10.000	dt_ms:10.002	kp:2.0000	ki:0.0000	kd:0.0000	t_s:31.104
target_deg:10.000	position_deg:9.756	error_deg:0.244	p_deg_s:0.488	i_deg_s:0.000	d_deg_s:0.000	pid_deg_s:0.488	speed_deg_s:0.000	u_deg_s:0.000	v_limit_deg_s:10.000	dt_ms:10.000	kp:2.0000	ki:0.0000	kd:0.0000	t_s:31.204
target_deg:10.000	position_deg:9.756	error_deg:0.244	p_deg_s:0.488	i_deg_s:0.000	d_deg_s:0.000	pid_deg_s:0.488	speed_deg_s:0.000	u_deg_s:0.000	v_limit_deg_s:10.000	dt_ms:10.002	kp:2.0000	ki:0.0000	kd:0.0000	t_s:31.304
target_deg:10.000	position_deg:9.756	error_deg:0.244	p_deg_s:0.488	i_deg_s:0.000	d_deg_s:0.000	pid_deg_s:0.488	speed_deg_s:0.000	u_deg_s:0.000	v_limit_deg_s:10.000	dt_ms:10.001	kp:2.0000	ki:0.0000	kd:0.0000	t_s:31.404
target_deg:10.000	position_deg:9.756	error_deg:0.244	p_deg_s:0.488	i_deg_s:0.000	d_deg_s:0.000	pid_deg_s:0.488	speed_deg_s:0.000	u_deg_s:0.000	v_limit_deg_s:10.000	dt_ms:10.000	kp:2.0000	ki:0.0000	kd:0.0000	t_s:31.504
target_deg:10.000	position_deg:9.756	error_deg:0.244	p_deg_s:0.488	i_deg_s:0.000	d_deg_s:0.000	pid_deg_s:0.488	speed_deg_s:0.000	u_deg_s:0.000	v_limit_deg_s:10.000	dt_ms:10.003	kp:2.0000	ki:0.0000	kd:0.0000	t_s:31.604
target_deg:10.000	position_deg:9.756	error_deg:0.244	p_deg_s:0.488	i_deg_s:0.000	d_deg_s:0.000	pid_deg_s:0.488	speed_deg_s:0.000	u_deg_s:0.000	v_limit_deg_s:10.000	dt_ms:10.002	kp:2.0000	ki:0.0000	kd:0.0000	t_s:31.704
target_deg:10.000	position_deg:9.756	error_deg:0.244	p_deg_s:0.488	i_deg_s:0.000	d_deg_s:0.000	pid_deg_s:0.488	speed_deg_s:0.000	u_deg_s:0.000	v_limit_deg_s:10.000	dt_ms:10.001	kp:2.0000	ki:0.0000	kd:0.0000	t_s:31.804
target_deg:10.000	position_deg:9.756	error_deg:0.244	p_deg_s:0.488	i_deg_s:0.000	d_deg_s:0.000	pid_deg_s:0.488	speed_deg_s:0.000	u_deg_s:0.000	v_limit_deg_s:10.000	dt_ms:10.001	kp:2.0000	ki:0.0000	kd:0.0000	t_s:31.904
target_deg:10.000	position_deg:9.756	error_deg:0.244	p_deg_s:0.488	i_deg_s:0.000	d_deg_s:0.000	pid_deg_s:0.488	speed_deg_s:0.000	u_deg_s:0.000	v_limit_deg_s:10.000	dt_ms:10.001	kp:2.0000	ki:0.0000	kd:0.0000	t_s:32.004
target_deg:10.000	position_deg:9.756	error_deg:0.244	p_deg_s:0.488	i_deg_s:0.000	d_deg_s:0.000	pid_deg_s:0.488	speed_deg_s:0.000	u_deg_s:0.000	v_limit_deg_s:10.000	dt_ms:10.002	kp:2.0000	ki:0.0000	kd:0.0000	t_s:32.104
target_deg:10.000	position_deg:9.756	error_deg:0.244	p_deg_s:0.488	i_deg_s:0.000	d_deg_s:0.000	pid_deg_s:0.488	speed_deg_s:0.000	u_deg_s:0.000	v_limit_deg_s:10.000	dt_ms:10.002	kp:2.0000	ki:0.0000	kd:0.0000	t_s:32.204
target_deg:10.000	position_deg:9.756	error_deg:0.244	p_deg_s:0.488	i_deg_s:0.000	d_deg_s:0.000	pid_deg_s:0.488	speed_deg_s:0.000	u_deg_s:0.000	v_limit_deg_s:10.000	dt_ms:10.001	kp:2.0000	ki:0.0000	kd:0.0000	t_s:32.304
target_deg:10.000	position_deg:9.756	error_deg:0.244	p_deg_s:0.488	i_deg_s:0.000	d_deg_s:0.000	pid_deg_s:0.488	speed_deg_s:0.000	u_deg_s:0.000	v_limit_deg_s:10.000	dt_ms:10.002	kp:2.0000	ki:0.0000	kd:0.0000	t_s:32.404
target_deg:10.000	position_deg:9.756	error_deg:0.244	p_deg_s:0.488	i_deg_s:0.000	d_deg_s:0.000	pid_deg_s:0.488	speed_deg_s:0.000	u_deg_s:0.000	v_limit_deg_s:10.000	dt_ms:10.001	kp:2.0000	ki:0.0000	kd:0.0000	t_s:32.504
target_deg:10.000	position_deg:9.756	error_deg:0.244	p_deg_s:0.488	i_deg_s:0.000	d_deg_s:0.000	pid_deg_s:0.488	speed_deg_s:0.000	u_deg_s:0.000	v_limit_deg_s:10.000	dt_ms:10.000	kp:2.0000	ki:0.0000	kd:0.0000	t_s:32.604
target_deg:10.000	position_deg:9.756	error_deg:0.244	p_deg_s:0.488	i_deg_s:0.000	d_deg_s:0.000	pid_deg_s:0.488	speed_deg_s:0.000	u_deg_s:0.000	v_limit_deg_s:10.000	dt_ms:10.002	kp:2.0000	ki:0.0000	kd:0.0000	t_s:32.704
target_deg:10.000	position_deg:9.756	error_deg:0.244	p_deg_s:0.488	i_deg_s:0.000	d_deg_s:0.000	pid_deg_s:0.488	speed_deg_s:0.000	u_deg_s:0.000	v_limit_deg_s:10.000	dt_ms:10.002	kp:2.0000	ki:0.0000	kd:0.0000	t_s:32.804
target_deg:10.000	position_deg:9.756	error_deg:0.244	p_deg_s:0.488	i_deg_s:0.000	d_deg_s:0.000	pid_deg_s:0.488	speed_deg_s:0.000	u_deg_s:0.000	v_limit_deg_s:10.000	dt_ms:10.001	kp:2.0000	ki:0.0000	kd:0.0000	t_s:32.904
target_deg:10.000	position_deg:9.756	error_deg:0.244	p_deg_s:0.488	i_deg_s:0.000	d_deg_s:0.000	pid_deg_s:0.488	speed_deg_s:0.000	u_deg_s:0.000	v_limit_deg_s:10.000	dt_ms:10.001	kp:2.0000	ki:0.0000	kd:0.0000	t_s:33.004
target_deg:10.000	position_deg:9.756	error_deg:0.244	p_deg_s:0.488	i_deg_s:0.000	d_deg_s:0.000	pid_deg_s:0.488	speed_deg_s:0.000	u_deg_s:0.000	v_limit_deg_s:10.000	dt_ms:10.001	kp:2.0000	ki:0.0000	kd:0.0000	t_s:33.104
target_deg:10.000	position_deg:9.756	error_deg:0.244	p_deg_s:0.488	i_deg_s:0.000	d_deg_s:0.000	pid_deg_s:0.488	speed_deg_s:0.000	u_deg_s:0.000	v_limit_deg_s:10.000	dt_ms:10.000	kp:2.0000	ki:0.0000	kd:0.0000	t_s:33.204
target_deg:10.000	position_deg:9.756	error_deg:0.244	p_deg_s:0.488	i_deg_s:0.000	d_deg_s:0.000	pid_deg_s:0.488	speed_deg_s:0.000	u_deg_s:0.000	v_limit_deg_s:10.000	dt_ms:10.001	kp:2.0000	ki:0.0000	kd:0.0000	t_s:33.304
target_deg:10.000	position_deg:9.756	error_deg:0.244	p_deg_s:0.488	i_deg_s:0.000	d_deg_s:0.000	pid_deg_s:0.488	speed_deg_s:0.000	u_deg_s:0.000	v_limit_deg_s:10.000	dt_ms:10.002	kp:2.0000	ki:0.0000	kd:0.0000	t_s:33.404
target_deg:10.000	position_deg:9.756	error_deg:0.244	p_deg_s:0.488	i_deg_s:0.000	d_deg_s:0.000	pid_deg_s:0.488	speed_deg_s:0.000	u_deg_s:0.000	v_limit_deg_s:10.000	dt_ms:10.002	kp:2.0000	ki:0.0000	kd:0.0000	t_s:33.504
target_deg:10.000	position_deg:9.756	error_deg:0.244	p_deg_s:0.488	i_deg_s:0.000	d_deg_s:0.000	pid_deg_s:0.488	speed_deg_s:0.000	u_deg_s:0.000	v_limit_deg_s:10.000	dt_ms:10.000	kp:2.0000	ki:0.0000	kd:0.0000	t_s:33.604
target_deg:10.000	position_deg:9.756	error_deg:0.244	p_deg_s:0.488	i_deg_s:0.000	d_deg_s:0.000	pid_deg_s:0.488	speed_deg_s:0.000	u_deg_s:0.000	v_limit_deg_s:10.000	dt_ms:10.002	kp:2.0000	ki:0.0000	kd:0.0000	t_s:33.704
target_deg:10.000	position_deg:9.756	error_deg:0.244	p_deg_s:0.488	i_deg_s:0.000	d_deg_s:0.000	pid_deg_s:0.488	speed_deg_s:0.000	u_deg_s:0.000	v_limit_deg_s:10.000	dt_ms:10.002	kp:2.0000	ki:0.0000	kd:0.0000	t_s:33.804
target_deg:10.000	position_deg:9.756	error_deg:0.244	p_deg_s:0.488	i_deg_s:0.000	d_deg_s:0.000	pid_deg_s:0.488	speed_deg_s:0.000	u_deg_s:0.000	v_limit_deg_s:10.000	dt_ms:10.001	kp:2.0000	ki:0.0000	kd:0.0000	t_s:33.904
target_deg:10.000	position_deg:9.756	error_deg:0.244	p_deg_s:0.488	i_deg_s:0.000	d_deg_s:0.000	pid_deg_s:0.488	speed_deg_s:0.000	u_deg_s:0.000	v_limit_deg_s:10.000	dt_ms:10.003	kp:2.0000	ki:0.0000	kd:0.0000	t_s:34.004
target_deg:10.000	position_deg:9.756	error_deg:0.244	p_deg_s:0.488	i_deg_s:0.000	d_deg_s:0.000	pid_deg_s:0.488	speed_deg_s:0.000	u_deg_s:0.000	v_limit_deg_s:10.000	dt_ms:10.000	kp:2.0000	ki:0.0000	kd:0.0000	t_s:34.104
target_deg:10.000	position_deg:9.756	error_deg:0.244	p_deg_s:0.488	i_deg_s:0.000	d_deg_s:0.000	pid_deg_s:0.488	speed_deg_s:0.000	u_deg_s:0.000	v_limit_deg_s:10.000	dt_ms:10.002	kp:2.0000	ki:0.0000	kd:0.0000	t_s:34.204
target_deg:10.000	position_deg:9.756	error_deg:0.244	p_deg_s:0.488	i_deg_s:0.000	d_deg_s:0.000	pid_deg_s:0.488	speed_deg_s:0.000	u_deg_s:0.000	v_limit_deg_s:10.000	dt_ms:10.001	kp:2.0000	ki:0.0000	kd:0.0000	t_s:34.304
target_deg:10.000	position_deg:9.756	error_deg:0.244	p_deg_s:0.488	i_deg_s:0.000	d_deg_s:0.000	pid_deg_s:0.488	speed_deg_s:0.000	u_deg_s:0.000	v_limit_deg_s:10.000	dt_ms:10.003	kp:2.0000	ki:0.0000	kd:0.0000	t_s:34.404
target_deg:10.000	position_deg:9.756	error_deg:0.244	p_deg_s:0.488	i_deg_s:0.000	d_deg_s:0.000	pid_deg_s:0.488	speed_deg_s:0.000	u_deg_s:0.000	v_limit_deg_s:10.000	dt_ms:10.001	kp:2.0000	ki:0.0000	kd:0.0000	t_s:34.504
target_deg:10.000	position_deg:9.756	error_deg:0.244	p_deg_s:0.488	i_deg_s:0.000	d_deg_s:0.000	pid_deg_s:0.488	speed_deg_s:0.000	u_deg_s:0.000	v_limit_deg_s:10.000	dt_ms:10.002	kp:2.0000	ki:0.0000	kd:0.0000	t_s:34.604
target_deg:10.000	position_deg:9.756	error_deg:0.244	p_deg_s:0.488	i_deg_s:0.000	d_deg_s:0.000	pid_deg_s:0.488	speed_deg_s:0.000	u_deg_s:0.000	v_limit_deg_s:10.000	dt_ms:10.001	kp:2.0000	ki:0.0000	kd:0.0000	t_s:34.704
target_deg:10.000	position_deg:9.756	error_deg:0.244	p_deg_s:0.488	i_deg_s:0.000	d_deg_s:0.000	pid_deg_s:0.488	speed_deg_s:0.000	u_deg_s:0.000	v_limit_deg_s:10.000	dt_ms:10.000	kp:2.0000	ki:0.0000	kd:0.0000	t_s:34.804
target_deg:10.000	position_deg:9.756	error_deg:0.244	p_deg_s:0.488	i_deg_s:0.000	d_deg_s:0.000	pid_deg_s:0.488	speed_deg_s:0.000	u_deg_s:0.000	v_limit_deg_s:10.000	dt_ms:10.001	kp:2.0000	ki:0.0000	kd:0.0000	t_s:34.904
target_deg:10.000	position_deg:9.756	error_deg:0.244	p_deg_s:0.488	i_deg_s:0.000	d_deg_s:0.000	pid_deg_s:0.488	speed_deg_s:0.000	u_deg_s:0.000	v_limit_deg_s:10.000	dt_ms:10.001	kp:2.0000	ki:0.0000	kd:0.0000	t_s:35.004
target_deg:10.000	position_deg:9.756	error_deg:0.244	p_deg_s:0.488	i_deg_s:0.000	d_deg_s:0.000	pid_deg_s:0.488	speed_deg_s:0.000	u_deg_s:0.000	v_limit_deg_s:10.000	dt_ms:10.002	kp:2.0000	ki:0.0000	kd:0.0000	t_s:35.104
target_deg:10.000	position_deg:9.756	error_deg:0.244	p_deg_s:0.488	i_deg_s:0.000	d_deg_s:0.000	pid_deg_s:0.488	speed_deg_s:0.000	u_deg_s:0.000	v_limit_deg_s:10.000	dt_ms:10.000	kp:2.0000	ki:0.0000	kd:0.0000	t_s:35.204
target_deg:10.000	position_deg:9.756	error_deg:0.244	p_deg_s:0.488	i_deg_s:0.000	d_deg_s:0.000	pid_deg_s:0.488	speed_deg_s:0.000	u_deg_s:0.000	v_limit_deg_s:10.000	dt_ms:10.003	kp:2.0000	ki:0.0000	kd:0.0000	t_s:35.304
target_deg:10.000	position_deg:9.756	error_deg:0.244	p_deg_s:0.488	i_deg_s:0.000	d_deg_s:0.000	pid_deg_s:0.488	speed_deg_s:0.000	u_deg_s:0.000	v_limit_deg_s:10.000	dt_ms:10.001	kp:2.0000	ki:0.0000	kd:0.0000	t_s:35.404
target_deg:10.000	position_deg:9.756	error_deg:0.244	p_deg_s:0.488	i_deg_s:0.000	d_deg_s:0.000	pid_deg_s:0.488	speed_deg_s:0.000	u_deg_s:0.000	v_limit_deg_s:10.000	dt_ms:10.002	kp:2.0000	ki:0.0000	kd:0.0000	t_s:35.504
target_deg:10.000	position_deg:9.756	error_deg:0.244	p_deg_s:0.488	i_deg_s:0.000	d_deg_s:0.000	pid_deg_s:0.488	speed_deg_s:0.000	u_deg_s:0.000	v_limit_deg_s:10.000	dt_ms:10.000	kp:2.0000	ki:0.0000	kd:0.0000	t_s:35.604
target_deg:10.000	position_deg:9.756	error_deg:0.244	p_deg_s:0.488	i_deg_s:0.000	d_deg_s:0.000	pid_deg_s:0.488	speed_deg_s:0.000	u_deg_s:0.000	v_limit_deg_s:10.000	dt_ms:10.001	kp:2.0000	ki:0.0000	kd:0.0000	t_s:35.704
target_deg:10.000	position_deg:9.756	error_deg:0.244	p_deg_s:0.488	i_deg_s:0.000	d_deg_s:0.000	pid_deg_s:0.488	speed_deg_s:0.000	u_deg_s:0.000	v_limit_deg_s:10.000	dt_ms:10.000	kp:2.0000	ki:0.0000	kd:0.0000	t_s:35.804
target_deg:10.000	position_deg:9.756	error_deg:0.244	p_deg_s:0.488	i_deg_s:0.000	d_deg_s:0.000	pid_deg_s:0.488	speed_deg_s:0.000	u_deg_s:0.000	v_limit_deg_s:10.000	dt_ms:10.001	kp:2.0000	ki:0.0000	kd:0.0000	t_s:35.904
target_deg:10.000	position_deg:9.756	error_deg:0.244	p_deg_s:0.488	i_deg_s:0.000	d_deg_s:0.000	pid_deg_s:0.488	speed_deg_s:0.000	u_deg_s:0.000	v_limit_deg_s:10.000	dt_ms:10.001	kp:2.0000	ki:0.0000	kd:0.0000	t_s:36.004
target_deg:10.000	position_deg:9.756	error_deg:0.244	p_deg_s:0.488	i_deg_s:0.000	d_deg_s:0.000	pid_deg_s:0.488	speed_deg_s:0.000	u_deg_s:0.000	v_limit_deg_s:10.000	dt_ms:10.003	kp:2.0000	ki:0.0000	kd:0.0000	t_s:36.104
target_deg:10.000	position_deg:9.756	error_deg:0.244	p_deg_s:0.488	i_deg_s:0.000	d_deg_s:0.000	pid_deg_s:0.488	speed_deg_s:0.000	u_deg_s:0.000	v_limit_deg_s:10.000	dt_ms:10.001	kp:2.0000	ki:0.0000	kd:0.0000	t_s:36.204
target_deg:10.000	position_deg:9.756	error_deg:0.244	p_deg_s:0.488	i_deg_s:0.000	d_deg_s:0.000	pid_deg_s:0.488	speed_deg_s:0.000	u_deg_s:0.000	v_limit_deg_s:10.000	dt_ms:10.001	kp:2.0000	ki:0.0000	kd:0.0000	t_s:36.304
target_deg:10.000	position_deg:9.756	error_deg:0.244	p_deg_s:0.488	i_deg_s:0.000	d_deg_s:0.000	pid_deg_s:0.488	speed_deg_s:0.000	u_deg_s:0.000	v_limit_deg_s:10.000	dt_ms:10.001	kp:2.0000	ki:0.0000	kd:0.0000	t_s:36.404
target_deg:10.000	position_deg:9.756	error_deg:0.244	p_deg_s:0.488	i_deg_s:0.000	d_deg_s:0.000	pid_deg_s:0.488	speed_deg_s:0.000	u_deg_s:0.000	v_limit_deg_s:10.000	dt_ms:10.001	kp:2.0000	ki:0.0000	kd:0.0000	t_s:36.504
target_deg:10.000	position_deg:9.756	error_deg:0.244	p_deg_s:0.488	i_deg_s:0.000	d_deg_s:0.000	pid_deg_s:0.488	speed_deg_s:0.000	u_deg_s:0.000	v_limit_deg_s:10.000	dt_ms:10.001	kp:2.0000	ki:0.0000	kd:0.0000	t_s:36.604
target_deg:10.000	position_deg:9.756	error_deg:0.244	p_deg_s:0.488	i_deg_s:0.000	d_deg_s:0.000	pid_deg_s:0.488	speed_deg_s:0.000	u_deg_s:0.000	v_limit_deg_s:10.000	dt_ms:10.000	kp:2.0000	ki:0.0000	kd:0.0000	t_s:36.704
target_deg:10.000	position_deg:9.756	error_deg:0.244	p_deg_s:0.488	i_deg_s:0.000	d_deg_s:0.000	pid_deg_s:0.488	speed_deg_s:0.000	u_deg_s:0.000	v_limit_deg_s:10.000	dt_ms:10.002	kp:2.0000	ki:0.0000	kd:0.0000	t_s:36.804
target_deg:10.000	position_deg:9.756	error_deg:0.244	p_deg_s:0.488	i_deg_s:0.000	d_deg_s:0.000	pid_deg_s:0.488	speed_deg_s:0.000	u_deg_s:0.000	v_limit_deg_s:10.000	dt_ms:10.001	kp:2.0000	ki:0.0000	kd:0.0000	t_s:36.904
target_deg:10.000	position_deg:9.756	error_deg:0.244	p_deg_s:0.488	i_deg_s:0.000	d_deg_s:0.000	pid_deg_s:0.488	speed_deg_s:0.000	u_deg_s:0.000	v_limit_deg_s:10.000	dt_ms:10.001	kp:2.0000	ki:0.0000	kd:0.0000	t_s:37.004
target_deg:10.000	position_deg:9.756	error_deg:0.244	p_deg_s:0.488	i_deg_s:0.000	d_deg_s:0.000	pid_deg_s:0.488	speed_deg_s:0.000	u_deg_s:0.000	v_limit_deg_s:10.000	dt_ms:10.003	kp:2.0000	ki:0.0000	kd:0.0000	t_s:37.104
target_deg:10.000	position_deg:9.756	error_deg:0.244	p_deg_s:0.488	i_deg_s:0.000	d_deg_s:0.000	pid_deg_s:0.488	speed_deg_s:0.000	u_deg_s:0.000	v_limit_deg_s:10.000	dt_ms:10.001	kp:2.0000	ki:0.0000	kd:0.0000	t_s:37.205
target_deg:10.000	position_deg:9.756	error_deg:0.244	p_deg_s:0.488	i_deg_s:0.000	d_deg_s:0.000	pid_deg_s:0.488	speed_deg_s:0.000	u_deg_s:0.000	v_limit_deg_s:10.000	dt_ms:10.001	kp:2.0000	ki:0.0000	kd:0.0000	t_s:37.305
target_deg:10.000	position_deg:9.756	error_deg:0.244	p_deg_s:0.488	i_deg_s:0.000	d_deg_s:0.000	pid_deg_s:0.488	speed_deg_s:0.000	u_deg_s:0.000	v_limit_deg_s:10.000	dt_ms:10.000	kp:2.0000	ki:0.0000	kd:0.0000	t_s:37.405
target_deg:10.000	position_deg:9.756	error_deg:0.244	p_deg_s:0.488	i_deg_s:0.000	d_deg_s:0.000	pid_deg_s:0.488	speed_deg_s:0.000	u_deg_s:0.000	v_limit_deg_s:10.000	dt_ms:10.002	kp:2.0000	ki:0.0000	kd:0.0000	t_s:37.505
target_deg:10.000	position_deg:9.756	error_deg:0.244	p_deg_s:0.488	i_deg_s:0.000	d_deg_s:0.000	pid_deg_s:0.488	speed_deg_s:0.000	u_deg_s:0.000	v_limit_deg_s:10.000	dt_ms:10.000	kp:2.0000	ki:0.0000	kd:0.0000	t_s:37.605
target_deg:10.000	position_deg:9.756	error_deg:0.244	p_deg_s:0.488	i_deg_s:0.000	d_deg_s:0.000	pid_deg_s:0.488	speed_deg_s:0.000	u_deg_s:0.000	v_limit_deg_s:10.000	dt_ms:10.002	kp:2.0000	ki:0.0000	kd:0.0000	t_s:37.705
target_deg:10.000	position_deg:9.756	error_deg:0.244	p_deg_s:0.488	i_deg_s:0.000	d_deg_s:0.000	pid_deg_s:0.488	speed_deg_s:0.000	u_deg_s:0.000	v_limit_deg_s:10.000	dt_ms:10.001	kp:2.0000	ki:0.0000	kd:0.0000	t_s:37.805
target_deg:10.000	position_deg:9.756	error_deg:0.244	p_deg_s:0.488	i_deg_s:0.000	d_deg_s:0.000	pid_deg_s:0.488	speed_deg_s:0.000	u_deg_s:0.000	v_limit_deg_s:10.000	dt_ms:10.002	kp:2.0000	ki:0.0000	kd:0.0000	t_s:37.905
target_deg:10.000	position_deg:9.756	error_deg:0.244	p_deg_s:0.488	i_deg_s:0.000	d_deg_s:0.000	pid_deg_s:0.488	speed_deg_s:0.000	u_deg_s:0.000	v_limit_deg_s:10.000	dt_ms:10.000	kp:2.0000	ki:0.0000	kd:0.0000	t_s:38.005
target_deg:10.000	position_deg:9.756	error_deg:0.244	p_deg_s:0.488	i_deg_s:0.000	d_deg_s:0.000	pid_deg_s:0.488	speed_deg_s:0.000	u_deg_s:0.000	v_limit_deg_s:10.000	dt_ms:10.001	kp:2.0000	ki:0.0000	kd:0.0000	t_s:38.105
target_deg:10.000	position_deg:9.756	error_deg:0.244	p_deg_s:0.488	i_deg_s:0.000	d_deg_s:0.000	pid_deg_s:0.488	speed_deg_s:0.000	u_deg_s:0.000	v_limit_deg_s:10.000	dt_ms:10.002	kp:2.0000	ki:0.0000	kd:0.0000	t_s:38.205
target_deg:10.000	position_deg:9.756	error_deg:0.244	p_deg_s:0.488	i_deg_s:0.000	d_deg_s:0.000	pid_deg_s:0.488	speed_deg_s:0.000	u_deg_s:0.000	v_limit_deg_s:10.000	dt_ms:10.002	kp:2.0000	ki:0.0000	kd:0.0000	t_s:38.305
target_deg:10.000	position_deg:9.756	error_deg:0.244	p_deg_s:0.488	i_deg_s:0.000	d_deg_s:0.000	pid_deg_s:0.488	speed_deg_s:0.000	u_deg_s:0.000	v_limit_deg_s:10.000	dt_ms:10.002	kp:2.0000	ki:0.0000	kd:0.0000	t_s:38.405
target_deg:10.000	position_deg:9.756	error_deg:0.244	p_deg_s:0.488	i_deg_s:0.000	d_deg_s:0.000	pid_deg_s:0.488	speed_deg_s:0.000	u_deg_s:0.000	v_limit_deg_s:10.000	dt_ms:10.002	kp:2.0000	ki:0.0000	kd:0.0000	t_s:38.505
target_deg:10.000	position_deg:9.756	error_deg:0.244	p_deg_s:0.488	i_deg_s:0.000	d_deg_s:0.000	pid_deg_s:0.488	speed_deg_s:0.000	u_deg_s:0.000	v_limit_deg_s:10.000	dt_ms:10.002	kp:2.0000	ki:0.0000	kd:0.0000	t_s:38.605
target_deg:10.000	position_deg:9.756	error_deg:0.244	p_deg_s:0.488	i_deg_s:0.000	d_deg_s:0.000	pid_deg_s:0.488	speed_deg_s:0.000	u_deg_s:0.000	v_limit_deg_s:10.000	dt_ms:10.001	kp:2.0000	ki:0.0000	kd:0.0000	t_s:38.705
target_deg:10.000	position_deg:9.756	error_deg:0.244	p_deg_s:0.488	i_deg_s:0.000	d_deg_s:0.000	pid_deg_s:0.488	speed_deg_s:0.000	u_deg_s:0.000	v_limit_deg_s:10.000	dt_ms:10.002	kp:2.0000	ki:0.0000	kd:0.0000	t_s:38.805
target_deg:10.000	position_deg:9.756	error_deg:0.244	p_deg_s:0.488	i_deg_s:0.000	d_deg_s:0.000	pid_deg_s:0.488	speed_deg_s:0.000	u_deg_s:0.000	v_limit_deg_s:10.000	dt_ms:10.002	kp:2.0000	ki:0.0000	kd:0.0000	t_s:38.905
target_deg:10.000	position_deg:9.756	error_deg:0.244	p_deg_s:0.488	i_deg_s:0.000	d_deg_s:0.000	pid_deg_s:0.488	speed_deg_s:0.000	u_deg_s:0.000	v_limit_deg_s:10.000	dt_ms:10.000	kp:2.0000	ki:0.0000	kd:0.0000	t_s:39.005
target_deg:10.000	position_deg:9.756	error_deg:0.244	p_deg_s:0.488	i_deg_s:0.000	d_deg_s:0.000	pid_deg_s:0.488	speed_deg_s:0.000	u_deg_s:0.000	v_limit_deg_s:10.000	dt_ms:10.000	kp:2.0000	ki:0.0000	kd:0.0000	t_s:39.105
target_deg:10.000	position_deg:9.756	error_deg:0.244	p_deg_s:0.488	i_deg_s:0.000	d_deg_s:0.000	pid_deg_s:0.488	speed_deg_s:0.000	u_deg_s:0.000	v_limit_deg_s:10.000	dt_ms:10.001	kp:2.0000	ki:0.0000	kd:0.0000	t_s:39.205
target_deg:10.000	position_deg:9.756	error_deg:0.244	p_deg_s:0.488	i_deg_s:0.000	d_deg_s:0.000	pid_deg_s:0.488	speed_deg_s:0.000	u_deg_s:0.000	v_limit_deg_s:10.000	dt_ms:10.001	kp:2.0000	ki:0.0000	kd:0.0000	t_s:39.305
target_deg:10.000	position_deg:9.756	error_deg:0.244	p_deg_s:0.488	i_deg_s:0.000	d_deg_s:0.000	pid_deg_s:0.488	speed_deg_s:0.000	u_deg_s:0.000	v_limit_deg_s:10.000	dt_ms:10.001	kp:2.0000	ki:0.0000	kd:0.0000	t_s:39.405
target_deg:10.000	position_deg:9.756	error_deg:0.244	p_deg_s:0.488	i_deg_s:0.000	d_deg_s:0.000	pid_deg_s:0.488	speed_deg_s:0.000	u_deg_s:0.000	v_limit_deg_s:10.000	dt_ms:10.000	kp:2.0000	ki:0.0000	kd:0.0000	t_s:39.505
target_deg:10.000	position_deg:9.756	error_deg:0.244	p_deg_s:0.488	i_deg_s:0.000	d_deg_s:0.000	pid_deg_s:0.488	speed_deg_s:0.000	u_deg_s:0.000	v_limit_deg_s:10.000	dt_ms:10.000	kp:2.0000	ki:0.0000	kd:0.0000	t_s:39.605
target_deg:10.000	position_deg:9.756	error_deg:0.244	p_deg_s:0.488	i_deg_s:0.000	d_deg_s:0.000	pid_deg_s:0.488	speed_deg_s:0.000	u_deg_s:0.000	v_limit_deg_s:10.000	dt_ms:10.001	kp:2.0000	ki:0.0000	kd:0.0000	t_s:39.705
target_deg:10.000	position_deg:9.756	error_deg:0.244	p_deg_s:0.488	i_deg_s:0.000	d_deg_s:0.000	pid_deg_s:0.488	speed_deg_s:0.000	u_deg_s:0.000	v_limit_deg_s:10.000	dt_ms:10.002	kp:2.0000	ki:0.0000	kd:0.0000	t_s:39.805
target_deg:10.000	position_deg:9.756	error_deg:0.244	p_deg_s:0.488	i_deg_s:0.000	d_deg_s:0.000	pid_deg_s:0.488	speed_deg_s:0.000	u_deg_s:0.000	v_limit_deg_s:10.000	dt_ms:10.001	kp:2.0000	ki:0.0000	kd:0.0000	t_s:39.905
target_deg:10.000	position_deg:9.756	error_deg:0.244	p_deg_s:0.488	i_deg_s:0.000	d_deg_s:0.000	pid_deg_s:0.488	speed_deg_s:0.000	u_deg_s:0.000	v_limit_deg_s:10.000	dt_ms:10.001	kp:2.0000	ki:0.0000	kd:0.0000	t_s:40.005
target_deg:10.000	position_deg:9.756	error_deg:0.244	p_deg_s:0.488	i_deg_s:0.000	d_deg_s:0.000	pid_deg_s:0.488	speed_deg_s:0.000	u_deg_s:0.000	v_limit_deg_s:10.000	dt_ms:10.003	kp:2.0000	ki:0.0000	kd:0.0000	t_s:40.105
target_deg:10.000	position_deg:9.756	error_deg:0.244	p_deg_s:0.488	i_deg_s:0.000	d_deg_s:0.000	pid_deg_s:0.488	speed_deg_s:0.000	u_deg_s:0.000	v_limit_deg_s:10.000	dt_ms:10.002	kp:2.0000	ki:0.0000	kd:0.0000	t_s:40.205
target_deg:10.000	position_deg:9.756	error_deg:0.244	p_deg_s:0.488	i_deg_s:0.000	d_deg_s:0.000	pid_deg_s:0.488	speed_deg_s:0.000	u_deg_s:0.000	v_limit_deg_s:10.000	dt_ms:10.001	kp:2.0000	ki:0.0000	kd:0.0000	t_s:40.305
target_deg:10.000	position_deg:9.756	error_deg:0.244	p_deg_s:0.488	i_deg_s:0.000	d_deg_s:0.000	pid_deg_s:0.488	speed_deg_s:0.000	u_deg_s:0.000	v_limit_deg_s:10.000	dt_ms:10.001	kp:2.0000	ki:0.0000	kd:0.0000	t_s:40.405
target_deg:10.000	position_deg:9.756	error_deg:0.244	p_deg_s:0.488	i_deg_s:0.000	d_deg_s:0.000	pid_deg_s:0.488	speed_deg_s:0.000	u_deg_s:0.000	v_limit_deg_s:10.000	dt_ms:10.001	kp:2.0000	ki:0.0000	kd:0.0000	t_s:40.505
target_deg:10.000	position_deg:9.756	error_deg:0.244	p_deg_s:0.488	i_deg_s:0.000	d_deg_s:0.000	pid_deg_s:0.488	speed_deg_s:0.000	u_deg_s:0.000	v_limit_deg_s:10.000	dt_ms:10.000	kp:2.0000	ki:0.0000	kd:0.0000	t_s:40.605
target_deg:10.000	position_deg:9.668	error_deg:0.332	p_deg_s:0.664	i_deg_s:0.000	d_deg_s:0.000	pid_deg_s:0.664	speed_deg_s:0.000	u_deg_s:0.000	v_limit_deg_s:10.000	dt_ms:10.001	kp:2.0000	ki:0.0000	kd:0.0000	t_s:40.705
target_deg:10.000	position_deg:9.756	error_deg:0.244	p_deg_s:0.488	i_deg_s:0.000	d_deg_s:0.000	pid_deg_s:0.488	speed_deg_s:0.000	u_deg_s:0.000	v_limit_deg_s:10.000	dt_ms:10.001	kp:2.0000	ki:0.0000	kd:0.0000	t_s:40.805
target_deg:10.000	position_deg:9.756	error_deg:0.244	p_deg_s:0.488	i_deg_s:0.000	d_deg_s:0.000	pid_deg_s:0.488	speed_deg_s:0.000	u_deg_s:0.000	v_limit_deg_s:10.000	dt_ms:10.003	kp:2.0000	ki:0.0000	kd:0.0000	t_s:40.905
target_deg:10.000	position_deg:9.756	error_deg:0.244	p_deg_s:0.488	i_deg_s:0.000	d_deg_s:0.000	pid_deg_s:0.488	speed_deg_s:0.000	u_deg_s:0.000	v_limit_deg_s:10.000	dt_ms:10.002	kp:2.0000	ki:0.0000	kd:0.0000	t_s:41.005
target_deg:10.000	position_deg:9.756	error_deg:0.244	p_deg_s:0.488	i_deg_s:0.000	d_deg_s:0.000	pid_deg_s:0.488	speed_deg_s:0.000	u_deg_s:0.000	v_limit_deg_s:10.000	dt_ms:10.000	kp:2.0000	ki:0.0000	kd:0.0000	t_s:41.105
target_deg:10.000	position_deg:9.756	error_deg:0.244	p_deg_s:0.488	i_deg_s:0.000	d_deg_s:0.000	pid_deg_s:0.488	speed_deg_s:0.000	u_deg_s:0.000	v_limit_deg_s:10.000	dt_ms:10.000	kp:2.0000	ki:0.0000	kd:0.0000	t_s:41.205
target_deg:10.000	position_deg:9.668	error_deg:0.332	p_deg_s:0.664	i_deg_s:0.000	d_deg_s:0.000	pid_deg_s:0.664	speed_deg_s:0.000	u_deg_s:0.000	v_limit_deg_s:10.000	dt_ms:10.001	kp:2.0000	ki:0.0000	kd:0.0000	t_s:41.305
target_deg:10.000	position_deg:9.756	error_deg:0.244	p_deg_s:0.488	i_deg_s:0.000	d_deg_s:0.000	pid_deg_s:0.488	speed_deg_s:0.000	u_deg_s:0.000	v_limit_deg_s:10.000	dt_ms:10.001	kp:2.0000	ki:0.0000	kd:0.0000	t_s:41.405
target_deg:10.000	position_deg:9.756	error_deg:0.244	p_deg_s:0.488	i_deg_s:0.000	d_deg_s:0.000	pid_deg_s:0.488	speed_deg_s:0.000	u_deg_s:0.000	v_limit_deg_s:10.000	dt_ms:10.001	kp:2.0000	ki:0.0000	kd:0.0000	t_s:41.505
target_deg:10.000	position_deg:9.756	error_deg:0.244	p_deg_s:0.488	i_deg_s:0.000	d_deg_s:0.000	pid_deg_s:0.488	speed_deg_s:0.000	u_deg_s:0.000	v_limit_deg_s:10.000	dt_ms:10.002	kp:2.0000	ki:0.0000	kd:0.0000	t_s:41.605
target_deg:10.000	position_deg:9.756	error_deg:0.244	p_deg_s:0.488	i_deg_s:0.000	d_deg_s:0.000	pid_deg_s:0.488	speed_deg_s:0.000	u_deg_s:0.000	v_limit_deg_s:10.000	dt_ms:10.002	kp:2.0000	ki:0.0000	kd:0.0000	t_s:41.705
target_deg:10.000	position_deg:9.756	error_deg:0.244	p_deg_s:0.488	i_deg_s:0.000	d_deg_s:0.000	pid_deg_s:0.488	speed_deg_s:0.000	u_deg_s:0.000	v_limit_deg_s:10.000	dt_ms:10.002	kp:2.0000	ki:0.0000	kd:0.0000	t_s:41.805
target_deg:10.000	position_deg:9.756	error_deg:0.244	p_deg_s:0.488	i_deg_s:0.000	d_deg_s:0.000	pid_deg_s:0.488	speed_deg_s:0.000	u_deg_s:0.000	v_limit_deg_s:10.000	dt_ms:10.002	kp:2.0000	ki:0.0000	kd:0.0000	t_s:41.905
target_deg:10.000	position_deg:9.756	error_deg:0.244	p_deg_s:0.488	i_deg_s:0.000	d_deg_s:0.000	pid_deg_s:0.488	speed_deg_s:0.000	u_deg_s:0.000	v_limit_deg_s:10.000	dt_ms:10.001	kp:2.0000	ki:0.0000	kd:0.0000	t_s:42.005
target_deg:10.000	position_deg:9.756	error_deg:0.244	p_deg_s:0.488	i_deg_s:0.000	d_deg_s:0.000	pid_deg_s:0.488	speed_deg_s:0.000	u_deg_s:0.000	v_limit_deg_s:10.000	dt_ms:10.002	kp:2.0000	ki:0.0000	kd:0.0000	t_s:42.105
target_deg:10.000	position_deg:9.756	error_deg:0.244	p_deg_s:0.488	i_deg_s:0.000	d_deg_s:0.000	pid_deg_s:0.488	speed_deg_s:0.000	u_deg_s:0.000	v_limit_deg_s:10.000	dt_ms:10.000	kp:2.0000	ki:0.0000	kd:0.0000	t_s:42.205
target_deg:10.000	position_deg:9.756	error_deg:0.244	p_deg_s:0.488	i_deg_s:0.000	d_deg_s:0.000	pid_deg_s:0.488	speed_deg_s:0.000	u_deg_s:0.000	v_limit_deg_s:10.000	dt_ms:10.002	kp:2.0000	ki:0.0000	kd:0.0000	t_s:42.305
target_deg:10.000	position_deg:9.756	error_deg:0.244	p_deg_s:0.488	i_deg_s:0.000	d_deg_s:0.000	pid_deg_s:0.488	speed_deg_s:0.000	u_deg_s:0.000	v_limit_deg_s:10.000	dt_ms:10.001	kp:2.0000	ki:0.0000	kd:0.0000	t_s:42.405
target_deg:10.000	position_deg:9.756	error_deg:0.244	p_deg_s:0.488	i_deg_s:0.000	d_deg_s:0.000	pid_deg_s:0.488	speed_deg_s:0.000	u_deg_s:0.000	v_limit_deg_s:10.000	dt_ms:10.000	kp:2.0000	ki:0.0000	kd:0.0000	t_s:42.505
target_deg:10.000	position_deg:9.756	error_deg:0.244	p_deg_s:0.488	i_deg_s:0.000	d_deg_s:0.000	pid_deg_s:0.488	speed_deg_s:0.000	u_deg_s:0.000	v_limit_deg_s:10.000	dt_ms:10.000	kp:2.0000	ki:0.0000	kd:0.0000	t_s:42.605
target_deg:10.000	position_deg:9.756	error_deg:0.244	p_deg_s:0.488	i_deg_s:0.000	d_deg_s:0.000	pid_deg_s:0.488	speed_deg_s:0.000	u_deg_s:0.000	v_limit_deg_s:10.000	dt_ms:10.001	kp:2.0000	ki:0.0000	kd:0.0000	t_s:42.705
target_deg:10.000	position_deg:9.756	error_deg:0.244	p_deg_s:0.488	i_deg_s:0.000	d_deg_s:0.000	pid_deg_s:0.488	speed_deg_s:0.000	u_deg_s:0.000	v_limit_deg_s:10.000	dt_ms:10.001	kp:2.0000	ki:0.0000	kd:0.0000	t_s:42.805
target_deg:10.000	position_deg:9.756	error_deg:0.244	p_deg_s:0.488	i_deg_s:0.000	d_deg_s:0.000	pid_deg_s:0.488	speed_deg_s:0.000	u_deg_s:0.000	v_limit_deg_s:10.000	dt_ms:10.002	kp:2.0000	ki:0.0000	kd:0.0000	t_s:42.905
target_deg:10.000	position_deg:9.756	error_deg:0.244	p_deg_s:0.488	i_deg_s:0.000	d_deg_s:0.000	pid_deg_s:0.488	speed_deg_s:0.000	u_deg_s:0.000	v_limit_deg_s:10.000	dt_ms:10.000	kp:2.0000	ki:0.0000	kd:0.0000	t_s:43.005
target_deg:10.000	position_deg:9.756	error_deg:0.244	p_deg_s:0.488	i_deg_s:0.000	d_deg_s:0.000	pid_deg_s:0.488	speed_deg_s:0.000	u_deg_s:0.000	v_limit_deg_s:10.000	dt_ms:10.001	kp:2.0000	ki:0.0000	kd:0.0000	t_s:43.105
target_deg:10.000	position_deg:9.756	error_deg:0.244	p_deg_s:0.488	i_deg_s:0.000	d_deg_s:0.000	pid_deg_s:0.488	speed_deg_s:0.000	u_deg_s:0.000	v_limit_deg_s:10.000	dt_ms:10.001	kp:2.0000	ki:0.0000	kd:0.0000	t_s:43.205
target_deg:10.000	position_deg:9.756	error_deg:0.244	p_deg_s:0.488	i_deg_s:0.000	d_deg_s:0.000	pid_deg_s:0.488	speed_deg_s:0.000	u_deg_s:0.000	v_limit_deg_s:10.000	dt_ms:10.001	kp:2.0000	ki:0.0000	kd:0.0000	t_s:43.305
target_deg:10.000	position_deg:9.756	error_deg:0.244	p_deg_s:0.488	i_deg_s:0.000	d_deg_s:0.000	pid_deg_s:0.488	speed_deg_s:0.000	u_deg_s:0.000	v_limit_deg_s:10.000	dt_ms:10.003	kp:2.0000	ki:0.0000	kd:0.0000	t_s:43.405
target_deg:10.000	position_deg:9.756	error_deg:0.244	p_deg_s:0.488	i_deg_s:0.000	d_deg_s:0.000	pid_deg_s:0.488	speed_deg_s:0.000	u_deg_s:0.000	v_limit_deg_s:10.000	dt_ms:10.000	kp:2.0000	ki:0.0000	kd:0.0000	t_s:43.505
target_deg:10.000	position_deg:9.756	error_deg:0.244	p_deg_s:0.488	i_deg_s:0.000	d_deg_s:0.000	pid_deg_s:0.488	speed_deg_s:0.000	u_deg_s:0.000	v_limit_deg_s:10.000	dt_ms:10.000	kp:2.0000	ki:0.0000	kd:0.0000	t_s:43.605
target_deg:10.000	position_deg:9.756	error_deg:0.244	p_deg_s:0.488	i_deg_s:0.000	d_deg_s:0.000	pid_deg_s:0.488	speed_deg_s:0.000	u_deg_s:0.000	v_limit_deg_s:10.000	dt_ms:10.001	kp:2.0000	ki:0.0000	kd:0.0000	t_s:43.705
target_deg:10.000	position_deg:9.668	error_deg:0.332	p_deg_s:0.664	i_deg_s:0.000	d_deg_s:0.000	pid_deg_s:0.664	speed_deg_s:0.000	u_deg_s:0.000	v_limit_deg_s:10.000	dt_ms:10.000	kp:2.0000	ki:0.0000	kd:0.0000	t_s:43.805
target_deg:10.000	position_deg:9.668	error_deg:0.332	p_deg_s:0.664	i_deg_s:0.000	d_deg_s:0.000	pid_deg_s:0.664	speed_deg_s:0.000	u_deg_s:0.000	v_limit_deg_s:10.000	dt_ms:10.001	kp:2.0000	ki:0.0000	kd:0.0000	t_s:43.905
target_deg:10.000	position_deg:9.756	error_deg:0.244	p_deg_s:0.488	i_deg_s:0.000	d_deg_s:0.000	pid_deg_s:0.488	speed_deg_s:0.000	u_deg_s:0.000	v_limit_deg_s:10.000	dt_ms:10.001	kp:2.0000	ki:0.0000	kd:0.0000	t_s:44.005
target_deg:10.000	position_deg:9.756	error_deg:0.244	p_deg_s:0.488	i_deg_s:0.000	d_deg_s:0.000	pid_deg_s:0.488	speed_deg_s:0.000	u_deg_s:0.000	v_limit_deg_s:10.000	dt_ms:10.003	kp:2.0000	ki:0.0000	kd:0.0000	t_s:44.105
target_deg:10.000	position_deg:9.756	error_deg:0.244	p_deg_s:0.488	i_deg_s:0.000	d_deg_s:0.000	pid_deg_s:0.488	speed_deg_s:0.000	u_deg_s:0.000	v_limit_deg_s:10.000	dt_ms:10.001	kp:2.0000	ki:0.0000	kd:0.0000	t_s:44.205
target_deg:10.000	position_deg:9.756	error_deg:0.244	p_deg_s:0.488	i_deg_s:0.000	d_deg_s:0.000	pid_deg_s:0.488	speed_deg_s:0.000	u_deg_s:0.000	v_limit_deg_s:10.000	dt_ms:10.001	kp:2.0000	ki:0.0000	kd:0.0000	t_s:44.305
target_deg:10.000	position_deg:9.756	error_deg:0.244	p_deg_s:0.488	i_deg_s:0.000	d_deg_s:0.000	pid_deg_s:0.488	speed_deg_s:0.000	u_deg_s:0.000	v_limit_deg_s:10.000	dt_ms:10.001	kp:2.0000	ki:0.0000	kd:0.0000	t_s:44.405
target_deg:10.000	position_deg:9.756	error_deg:0.244	p_deg_s:0.488	i_deg_s:0.000	d_deg_s:0.000	pid_deg_s:0.488	speed_deg_s:0.000	u_deg_s:0.000	v_limit_deg_s:10.000	dt_ms:10.001	kp:2.0000	ki:0.0000	kd:0.0000	t_s:44.505
target_deg:10.000	position_deg:9.756	error_deg:0.244	p_deg_s:0.488	i_deg_s:0.000	d_deg_s:0.000	pid_deg_s:0.488	speed_deg_s:0.000	u_deg_s:0.000	v_limit_deg_s:10.000	dt_ms:10.002	kp:2.0000	ki:0.0000	kd:0.0000	t_s:44.605
target_deg:10.000	position_deg:9.756	error_deg:0.244	p_deg_s:0.488	i_deg_s:0.000	d_deg_s:0.000	pid_deg_s:0.488	speed_deg_s:0.000	u_deg_s:0.000	v_limit_deg_s:10.000	dt_ms:10.002	kp:2.0000	ki:0.0000	kd:0.0000	t_s:44.705
target_deg:10.000	position_deg:9.756	error_deg:0.244	p_deg_s:0.488	i_deg_s:0.000	d_deg_s:0.000	pid_deg_s:0.488	speed_deg_s:0.000	u_deg_s:0.000	v_limit_deg_s:10.000	dt_ms:10.002	kp:2.0000	ki:0.0000	kd:0.0000	t_s:44.805
target_deg:10.000	position_deg:9.756	error_deg:0.244	p_deg_s:0.488	i_deg_s:0.000	d_deg_s:0.000	pid_deg_s:0.488	speed_deg_s:0.000	u_deg_s:0.000	v_limit_deg_s:10.000	dt_ms:10.001	kp:2.0000	ki:0.0000	kd:0.0000	t_s:44.905
target_deg:10.000	position_deg:9.756	error_deg:0.244	p_deg_s:0.488	i_deg_s:0.000	d_deg_s:0.000	pid_deg_s:0.488	speed_deg_s:0.000	u_deg_s:0.000	v_limit_deg_s:10.000	dt_ms:10.001	kp:2.0000	ki:0.0000	kd:0.0000	t_s:45.006
target_deg:10.000	position_deg:9.756	error_deg:0.244	p_deg_s:0.488	i_deg_s:0.000	d_deg_s:0.000	pid_deg_s:0.488	speed_deg_s:0.000	u_deg_s:0.000	v_limit_deg_s:10.000	dt_ms:10.002	kp:2.0000	ki:0.0000	kd:0.0000	t_s:45.106
target_deg:10.000	position_deg:9.756	error_deg:0.244	p_deg_s:0.488	i_deg_s:0.000	d_deg_s:0.000	pid_deg_s:0.488	speed_deg_s:0.000	u_deg_s:0.000	v_limit_deg_s:10.000	dt_ms:10.000	kp:2.0000	ki:0.0000	kd:0.0000	t_s:45.206
target_deg:10.000	position_deg:9.756	error_deg:0.244	p_deg_s:0.488	i_deg_s:0.000	d_deg_s:0.000	pid_deg_s:0.488	speed_deg_s:0.000	u_deg_s:0.000	v_limit_deg_s:10.000	dt_ms:10.001	kp:2.0000	ki:0.0000	kd:0.0000	t_s:45.306
target_deg:10.000	position_deg:9.756	error_deg:0.244	p_deg_s:0.488	i_deg_s:0.000	d_deg_s:0.000	pid_deg_s:0.488	speed_deg_s:0.000	u_deg_s:0.000	v_limit_deg_s:10.000	dt_ms:10.000	kp:2.0000	ki:0.0000	kd:0.0000	t_s:45.406
target_deg:10.000	position_deg:9.756	error_deg:0.244	p_deg_s:0.488	i_deg_s:0.000	d_deg_s:0.000	pid_deg_s:0.488	speed_deg_s:0.000	u_deg_s:0.000	v_limit_deg_s:10.000	dt_ms:10.002	kp:2.0000	ki:0.0000	kd:0.0000	t_s:45.506
target_deg:10.000	position_deg:9.756	error_deg:0.244	p_deg_s:0.488	i_deg_s:0.000	d_deg_s:0.000	pid_deg_s:0.488	speed_deg_s:0.000	u_deg_s:0.000	v_limit_deg_s:10.000	dt_ms:10.001	kp:2.0000	ki:0.0000	kd:0.0000	t_s:45.606
target_deg:10.000	position_deg:9.668	error_deg:0.332	p_deg_s:0.664	i_deg_s:0.000	d_deg_s:0.000	pid_deg_s:0.664	speed_deg_s:0.000	u_deg_s:0.000	v_limit_deg_s:10.000	dt_ms:10.002	kp:2.0000	ki:0.0000	kd:0.0000	t_s:45.706
target_deg:10.000	position_deg:9.756	error_deg:0.244	p_deg_s:0.488	i_deg_s:0.000	d_deg_s:0.000	pid_deg_s:0.488	speed_deg_s:0.000	u_deg_s:0.000	v_limit_deg_s:10.000	dt_ms:10.002	kp:2.0000	ki:0.0000	kd:0.0000	t_s:45.806
target_deg:10.000	position_deg:9.756	error_deg:0.244	p_deg_s:0.488	i_deg_s:0.000	d_deg_s:0.000	pid_deg_s:0.488	speed_deg_s:0.000	u_deg_s:0.000	v_limit_deg_s:10.000	dt_ms:10.001	kp:2.0000	ki:0.0000	kd:0.0000	t_s:45.906
target_deg:10.000	position_deg:9.756	error_deg:0.244	p_deg_s:0.488	i_deg_s:0.000	d_deg_s:0.000	pid_deg_s:0.488	speed_deg_s:0.000	u_deg_s:0.000	v_limit_deg_s:10.000	dt_ms:10.000	kp:2.0000	ki:0.0000	kd:0.0000	t_s:46.006
target_deg:10.000	position_deg:9.756	error_deg:0.244	p_deg_s:0.488	i_deg_s:0.000	d_deg_s:0.000	pid_deg_s:0.488	speed_deg_s:0.000	u_deg_s:0.000	v_limit_deg_s:10.000	dt_ms:10.001	kp:2.0000	ki:0.0000	kd:0.0000	t_s:46.106
target_deg:10.000	position_deg:9.756	error_deg:0.244	p_deg_s:0.488	i_deg_s:0.000	d_deg_s:0.000	pid_deg_s:0.488	speed_deg_s:0.000	u_deg_s:0.000	v_limit_deg_s:10.000	dt_ms:10.002	kp:2.0000	ki:0.0000	kd:0.0000	t_s:46.206
target_deg:10.000	position_deg:9.756	error_deg:0.244	p_deg_s:0.488	i_deg_s:0.000	d_deg_s:0.000	pid_deg_s:0.488	speed_deg_s:0.000	u_deg_s:0.000	v_limit_deg_s:10.000	dt_ms:10.002	kp:2.0000	ki:0.0000	kd:0.0000	t_s:46.306
target_deg:10.000	position_deg:9.756	error_deg:0.244	p_deg_s:0.488	i_deg_s:0.000	d_deg_s:0.000	pid_deg_s:0.488	speed_deg_s:0.000	u_deg_s:0.000	v_limit_deg_s:10.000	dt_ms:10.002	kp:2.0000	ki:0.0000	kd:0.0000	t_s:46.406
target_deg:10.000	position_deg:9.756	error_deg:0.244	p_deg_s:0.488	i_deg_s:0.000	d_deg_s:0.000	pid_deg_s:0.488	speed_deg_s:0.000	u_deg_s:0.000	v_limit_deg_s:10.000	dt_ms:10.002	kp:2.0000	ki:0.0000	kd:0.0000	t_s:46.506
target_deg:10.000	position_deg:9.668	error_deg:0.332	p_deg_s:0.664	i_deg_s:0.000	d_deg_s:0.000	pid_deg_s:0.664	speed_deg_s:0.000	u_deg_s:0.000	v_limit_deg_s:10.000	dt_ms:10.000	kp:2.0000	ki:0.0000	kd:0.0000	t_s:46.606
target_deg:10.000	position_deg:9.756	error_deg:0.244	p_deg_s:0.488	i_deg_s:0.000	d_deg_s:0.000	pid_deg_s:0.488	speed_deg_s:0.000	u_deg_s:0.000	v_limit_deg_s:10.000	dt_ms:10.000	kp:2.0000	ki:0.0000	kd:0.0000	t_s:46.706
target_deg:10.000	position_deg:9.756	error_deg:0.244	p_deg_s:0.488	i_deg_s:0.000	d_deg_s:0.000	pid_deg_s:0.488	speed_deg_s:0.000	u_deg_s:0.000	v_limit_deg_s:10.000	dt_ms:10.000	kp:2.0000	ki:0.0000	kd:0.0000	t_s:46.806
target_deg:10.000	position_deg:9.756	error_deg:0.244	p_deg_s:0.488	i_deg_s:0.000	d_deg_s:0.000	pid_deg_s:0.488	speed_deg_s:0.000	u_deg_s:0.000	v_limit_deg_s:10.000	dt_ms:10.002	kp:2.0000	ki:0.0000	kd:0.0000	t_s:46.906
target_deg:10.000	position_deg:9.756	error_deg:0.244	p_deg_s:0.488	i_deg_s:0.000	d_deg_s:0.000	pid_deg_s:0.488	speed_deg_s:0.000	u_deg_s:0.000	v_limit_deg_s:10.000	dt_ms:10.002	kp:2.0000	ki:0.0000	kd:0.0000	t_s:47.006
target_deg:10.000	position_deg:9.756	error_deg:0.244	p_deg_s:0.488	i_deg_s:0.000	d_deg_s:0.000	pid_deg_s:0.488	speed_deg_s:0.000	u_deg_s:0.000	v_limit_deg_s:10.000	dt_ms:10.001	kp:2.0000	ki:0.0000	kd:0.0000	t_s:47.106
target_deg:10.000	position_deg:9.756	error_deg:0.244	p_deg_s:0.488	i_deg_s:0.000	d_deg_s:0.000	pid_deg_s:0.488	speed_deg_s:0.000	u_deg_s:0.000	v_limit_deg_s:10.000	dt_ms:10.002	kp:2.0000	ki:0.0000	kd:0.0000	t_s:47.206
target_deg:10.000	position_deg:9.756	error_deg:0.244	p_deg_s:0.488	i_deg_s:0.000	d_deg_s:0.000	pid_deg_s:0.488	speed_deg_s:0.000	u_deg_s:0.000	v_limit_deg_s:10.000	dt_ms:10.000	kp:2.0000	ki:0.0000	kd:0.0000	t_s:47.306
target_deg:10.000	position_deg:9.756	error_deg:0.244	p_deg_s:0.488	i_deg_s:0.000	d_deg_s:0.000	pid_deg_s:0.488	speed_deg_s:0.000	u_deg_s:0.000	v_limit_deg_s:10.000	dt_ms:10.001	kp:2.0000	ki:0.0000	kd:0.0000	t_s:47.406
target_deg:10.000	position_deg:9.756	error_deg:0.244	p_deg_s:0.488	i_deg_s:0.000	d_deg_s:0.000	pid_deg_s:0.488	speed_deg_s:0.000	u_deg_s:0.000	v_limit_deg_s:10.000	dt_ms:10.002	kp:2.0000	ki:0.0000	kd:0.0000	t_s:47.506
target_deg:10.000	position_deg:9.756	error_deg:0.244	p_deg_s:0.488	i_deg_s:0.000	d_deg_s:0.000	pid_deg_s:0.488	speed_deg_s:0.000	u_deg_s:0.000	v_limit_deg_s:10.000	dt_ms:10.003	kp:2.0000	ki:0.0000	kd:0.0000	t_s:47.606
target_deg:10.000	position_deg:9.756	error_deg:0.244	p_deg_s:0.488	i_deg_s:0.000	d_deg_s:0.000	pid_deg_s:0.488	speed_deg_s:0.000	u_deg_s:0.000	v_limit_deg_s:10.000	dt_ms:10.001	kp:2.0000	ki:0.0000	kd:0.0000	t_s:47.706
target_deg:10.000	position_deg:9.756	error_deg:0.244	p_deg_s:0.488	i_deg_s:0.000	d_deg_s:0.000	pid_deg_s:0.488	speed_deg_s:0.000	u_deg_s:0.000	v_limit_deg_s:10.000	dt_ms:10.001	kp:2.0000	ki:0.0000	kd:0.0000	t_s:47.806
target_deg:10.000	position_deg:9.756	error_deg:0.244	p_deg_s:0.488	i_deg_s:0.000	d_deg_s:0.000	pid_deg_s:0.488	speed_deg_s:0.000	u_deg_s:0.000	v_limit_deg_s:10.000	dt_ms:10.001	kp:2.0000	ki:0.0000	kd:0.0000	t_s:47.906
target_deg:10.000	position_deg:9.756	error_deg:0.244	p_deg_s:0.488	i_deg_s:0.000	d_deg_s:0.000	pid_deg_s:0.488	speed_deg_s:0.000	u_deg_s:0.000	v_limit_deg_s:10.000	dt_ms:10.000	kp:2.0000	ki:0.0000	kd:0.0000	t_s:48.006
target_deg:10.000	position_deg:9.756	error_deg:0.244	p_deg_s:0.488	i_deg_s:0.000	d_deg_s:0.000	pid_deg_s:0.488	speed_deg_s:0.000	u_deg_s:0.000	v_limit_deg_s:10.000	dt_ms:10.001	kp:2.0000	ki:0.0000	kd:0.0000	t_s:48.106
target_deg:10.000	position_deg:9.756	error_deg:0.244	p_deg_s:0.488	i_deg_s:0.000	d_deg_s:0.000	pid_deg_s:0.488	speed_deg_s:0.000	u_deg_s:0.000	v_limit_deg_s:10.000	dt_ms:10.001	kp:2.0000	ki:0.0000	kd:0.0000	t_s:48.206
target_deg:10.000	position_deg:9.756	error_deg:0.244	p_deg_s:0.488	i_deg_s:0.000	d_deg_s:0.000	pid_deg_s:0.488	speed_deg_s:0.000	u_deg_s:0.000	v_limit_deg_s:10.000	dt_ms:10.001	kp:2.0000	ki:0.0000	kd:0.0000	t_s:48.306
target_deg:10.000	position_deg:9.756	error_deg:0.244	p_deg_s:0.488	i_deg_s:0.000	d_deg_s:0.000	pid_deg_s:0.488	speed_deg_s:0.000	u_deg_s:0.000	v_limit_deg_s:10.000	dt_ms:10.002	kp:2.0000	ki:0.0000	kd:0.0000	t_s:48.406
target_deg:10.000	position_deg:9.756	error_deg:0.244	p_deg_s:0.488	i_deg_s:0.000	d_deg_s:0.000	pid_deg_s:0.488	speed_deg_s:0.000	u_deg_s:0.000	v_limit_deg_s:10.000	dt_ms:10.000	kp:2.0000	ki:0.0000	kd:0.0000	t_s:48.506
target_deg:10.000	position_deg:9.756	error_deg:0.244	p_deg_s:0.488	i_deg_s:0.000	d_deg_s:0.000	pid_deg_s:0.488	speed_deg_s:0.000	u_deg_s:0.000	v_limit_deg_s:10.000	dt_ms:10.001	kp:2.0000	ki:0.0000	kd:0.0000	t_s:48.606
target_deg:10.000	position_deg:9.756	error_deg:0.244	p_deg_s:0.488	i_deg_s:0.000	d_deg_s:0.000	pid_deg_s:0.488	speed_deg_s:0.000	u_deg_s:0.000	v_limit_deg_s:10.000	dt_ms:10.000	kp:2.0000	ki:0.0000	kd:0.0000	t_s:48.706
target_deg:10.000	position_deg:9.756	error_deg:0.244	p_deg_s:0.488	i_deg_s:0.000	d_deg_s:0.000	pid_deg_s:0.488	speed_deg_s:0.000	u_deg_s:0.000	v_limit_deg_s:10.000	dt_ms:10.000	kp:2.0000	ki:0.0000	kd:0.0000	t_s:48.806
target_deg:10.000	position_deg:9.756	error_deg:0.244	p_deg_s:0.488	i_deg_s:0.000	d_deg_s:0.000	pid_deg_s:0.488	speed_deg_s:0.000	u_deg_s:0.000	v_limit_deg_s:10.000	dt_ms:10.000	kp:2.0000	ki:0.0000	kd:0.0000	t_s:48.906
target_deg:10.000	position_deg:9.756	error_deg:0.244	p_deg_s:0.488	i_deg_s:0.000	d_deg_s:0.000	pid_deg_s:0.488	speed_deg_s:0.000	u_deg_s:0.000	v_limit_deg_s:10.000	dt_ms:10.001	kp:2.0000	ki:0.0000	kd:0.0000	t_s:49.006
target_deg:10.000	position_deg:9.668	error_deg:0.332	p_deg_s:0.664	i_deg_s:0.000	d_deg_s:0.000	pid_deg_s:0.664	speed_deg_s:0.000	u_deg_s:0.000	v_limit_deg_s:10.000	dt_ms:10.000	kp:2.0000	ki:0.0000	kd:0.0000	t_s:49.106
target_deg:10.000	position_deg:9.756	error_deg:0.244	p_deg_s:0.488	i_deg_s:0.000	d_deg_s:0.000	pid_deg_s:0.488	speed_deg_s:0.000	u_deg_s:0.000	v_limit_deg_s:10.000	dt_ms:10.001	kp:2.0000	ki:0.0000	kd:0.0000	t_s:49.206
target_deg:10.000	position_deg:9.756	error_deg:0.244	p_deg_s:0.488	i_deg_s:0.000	d_deg_s:0.000	pid_deg_s:0.488	speed_deg_s:0.000	u_deg_s:0.000	v_limit_deg_s:10.000	dt_ms:10.002	kp:2.0000	ki:0.0000	kd:0.0000	t_s:49.306
target_deg:10.000	position_deg:9.756	error_deg:0.244	p_deg_s:0.488	i_deg_s:0.000	d_deg_s:0.000	pid_deg_s:0.488	speed_deg_s:0.000	u_deg_s:0.000	v_limit_deg_s:10.000	dt_ms:10.001	kp:2.0000	ki:0.0000	kd:0.0000	t_s:49.406
target_deg:10.000	position_deg:9.756	error_deg:0.244	p_deg_s:0.488	i_deg_s:0.000	d_deg_s:0.000	pid_deg_s:0.488	speed_deg_s:0.000	u_deg_s:0.000	v_limit_deg_s:10.000	dt_ms:10.001	kp:2.0000	ki:0.0000	kd:0.0000	t_s:49.506
target_deg:10.000	position_deg:9.756	error_deg:0.244	p_deg_s:0.488	i_deg_s:0.000	d_deg_s:0.000	pid_deg_s:0.488	speed_deg_s:0.000	u_deg_s:0.000	v_limit_deg_s:10.000	dt_ms:10.002	kp:2.0000	ki:0.0000	kd:0.0000	t_s:49.606
target_deg:10.000	position_deg:9.756	error_deg:0.244	p_deg_s:0.488	i_deg_s:0.000	d_deg_s:0.000	pid_deg_s:0.488	speed_deg_s:0.000	u_deg_s:0.000	v_limit_deg_s:10.000	dt_ms:10.001	kp:2.0000	ki:0.0000	kd:0.0000	t_s:49.706
target_deg:10.000	position_deg:9.756	error_deg:0.244	p_deg_s:0.488	i_deg_s:0.000	d_deg_s:0.000	pid_deg_s:0.488	speed_deg_s:0.000	u_deg_s:0.000	v_limit_deg_s:10.000	dt_ms:10.002	kp:2.0000	ki:0.0000	kd:0.0000	t_s:49.806
target_deg:10.000	position_deg:9.756	error_deg:0.244	p_deg_s:0.488	i_deg_s:0.000	d_deg_s:0.000	pid_deg_s:0.488	speed_deg_s:0.000	u_deg_s:0.000	v_limit_deg_s:10.000	dt_ms:10.001	kp:2.0000	ki:0.0000	kd:0.0000	t_s:49.906
target_deg:10.000	position_deg:9.756	error_deg:0.244	p_deg_s:0.488	i_deg_s:0.000	d_deg_s:0.000	pid_deg_s:0.488	speed_deg_s:0.000	u_deg_s:0.000	v_limit_deg_s:10.000	dt_ms:10.000	kp:2.0000	ki:0.0000	kd:0.0000	t_s:50.006
target_deg:10.000	position_deg:9.756	error_deg:0.244	p_deg_s:0.488	i_deg_s:0.000	d_deg_s:0.000	pid_deg_s:0.488	speed_deg_s:0.000	u_deg_s:0.000	v_limit_deg_s:10.000	dt_ms:10.002	kp:2.0000	ki:0.0000	kd:0.0000	t_s:50.106
target_deg:10.000	position_deg:9.668	error_deg:0.332	p_deg_s:0.664	i_deg_s:0.000	d_deg_s:0.000	pid_deg_s:0.664	speed_deg_s:0.000	u_deg_s:0.000	v_limit_deg_s:10.000	dt_ms:10.002	kp:2.0000	ki:0.0000	kd:0.0000	t_s:50.206
target_deg:10.000	position_deg:9.756	error_deg:0.244	p_deg_s:0.488	i_deg_s:0.000	d_deg_s:0.000	pid_deg_s:0.488	speed_deg_s:0.000	u_deg_s:0.000	v_limit_deg_s:10.000	dt_ms:10.000	kp:2.0000	ki:0.0000	kd:0.0000	t_s:50.306
target_deg:10.000	position_deg:9.756	error_deg:0.244	p_deg_s:0.488	i_deg_s:0.000	d_deg_s:0.000	pid_deg_s:0.488	speed_deg_s:0.000	u_deg_s:0.000	v_limit_deg_s:10.000	dt_ms:10.001	kp:2.0000	ki:0.0000	kd:0.0000	t_s:50.406
target_deg:10.000	position_deg:9.756	error_deg:0.244	p_deg_s:0.488	i_deg_s:0.000	d_deg_s:0.000	pid_deg_s:0.488	speed_deg_s:0.000	u_deg_s:0.000	v_limit_deg_s:10.000	dt_ms:10.001	kp:2.0000	ki:0.0000	kd:0.0000	t_s:50.506
target_deg:10.000	position_deg:9.756	error_deg:0.244	p_deg_s:0.488	i_deg_s:0.000	d_deg_s:0.000	pid_deg_s:0.488	speed_deg_s:0.000	u_deg_s:0.000	v_limit_deg_s:10.000	dt_ms:10.002	kp:2.0000	ki:0.0000	kd:0.0000	t_s:50.606
target_deg:10.000	position_deg:9.756	error_deg:0.244	p_deg_s:0.488	i_deg_s:0.000	d_deg_s:0.000	pid_deg_s:0.488	speed_deg_s:0.000	u_deg_s:0.000	v_limit_deg_s:10.000	dt_ms:10.001	kp:2.0000	ki:0.0000	kd:0.0000	t_s:50.706
target_deg:10.000	position_deg:9.756	error_deg:0.244	p_deg_s:0.488	i_deg_s:0.000	d_deg_s:0.000	pid_deg_s:0.488	speed_deg_s:0.000	u_deg_s:0.000	v_limit_deg_s:10.000	dt_ms:10.001	kp:2.0000	ki:0.0000	kd:0.0000	t_s:50.806
target_deg:10.000	position_deg:9.756	error_deg:0.244	p_deg_s:0.488	i_deg_s:0.000	d_deg_s:0.000	pid_deg_s:0.488	speed_deg_s:0.000	u_deg_s:0.000	v_limit_deg_s:10.000	dt_ms:10.000	kp:2.0000	ki:0.0000	kd:0.0000	t_s:50.906
target_deg:10.000	position_deg:9.756	error_deg:0.244	p_deg_s:0.488	i_deg_s:0.000	d_deg_s:0.000	pid_deg_s:0.488	speed_deg_s:0.000	u_deg_s:0.000	v_limit_deg_s:10.000	dt_ms:10.001	kp:2.0000	ki:0.0000	kd:0.0000	t_s:51.006
target_deg:10.000	position_deg:9.756	error_deg:0.244	p_deg_s:0.488	i_deg_s:0.000	d_deg_s:0.000	pid_deg_s:0.488	speed_deg_s:0.000	u_deg_s:0.000	v_limit_deg_s:10.000	dt_ms:10.002	kp:2.0000	ki:0.0000	kd:0.0000	t_s:51.106
target_deg:10.000	position_deg:9.756	error_deg:0.244	p_deg_s:0.488	i_deg_s:0.000	d_deg_s:0.000	pid_deg_s:0.488	speed_deg_s:0.000	u_deg_s:0.000	v_limit_deg_s:10.000	dt_ms:10.001	kp:2.0000	ki:0.0000	kd:0.0000	t_s:51.206
target_deg:10.000	position_deg:9.756	error_deg:0.244	p_deg_s:0.488	i_deg_s:0.000	d_deg_s:0.000	pid_deg_s:0.488	speed_deg_s:0.000	u_deg_s:0.000	v_limit_deg_s:10.000	dt_ms:10.002	kp:2.0000	ki:0.0000	kd:0.0000	t_s:51.306
target_deg:10.000	position_deg:9.756	error_deg:0.244	p_deg_s:0.488	i_deg_s:0.000	d_deg_s:0.000	pid_deg_s:0.488	speed_deg_s:0.000	u_deg_s:0.000	v_limit_deg_s:10.000	dt_ms:10.002	kp:2.0000	ki:0.0000	kd:0.0000	t_s:51.406
target_deg:10.000	position_deg:9.756	error_deg:0.244	p_deg_s:0.488	i_deg_s:0.000	d_deg_s:0.000	pid_deg_s:0.488	speed_deg_s:0.000	u_deg_s:0.000	v_limit_deg_s:10.000	dt_ms:10.002	kp:2.0000	ki:0.0000	kd:0.0000	t_s:51.506
target_deg:10.000	position_deg:9.756	error_deg:0.244	p_deg_s:0.488	i_deg_s:0.000	d_deg_s:0.000	pid_deg_s:0.488	speed_deg_s:0.000	u_deg_s:0.000	v_limit_deg_s:10.000	dt_ms:10.001	kp:2.0000	ki:0.0000	kd:0.0000	t_s:51.606
target_deg:10.000	position_deg:9.756	error_deg:0.244	p_deg_s:0.488	i_deg_s:0.000	d_deg_s:0.000	pid_deg_s:0.488	speed_deg_s:0.000	u_deg_s:0.000	v_limit_deg_s:10.000	dt_ms:10.000	kp:2.0000	ki:0.0000	kd:0.0000	t_s:51.706
target_deg:10.000	position_deg:9.756	error_deg:0.244	p_deg_s:0.488	i_deg_s:0.000	d_deg_s:0.000	pid_deg_s:0.488	speed_deg_s:0.000	u_deg_s:0.000	v_limit_deg_s:10.000	dt_ms:10.003	kp:2.0000	ki:0.0000	kd:0.0000	t_s:51.806
target_deg:10.000	position_deg:9.756	error_deg:0.244	p_deg_s:0.488	i_deg_s:0.000	d_deg_s:0.000	pid_deg_s:0.488	speed_deg_s:0.000	u_deg_s:0.000	v_limit_deg_s:10.000	dt_ms:10.002	kp:2.0000	ki:0.0000	kd:0.0000	t_s:51.906
target_deg:10.000	position_deg:9.756	error_deg:0.244	p_deg_s:0.488	i_deg_s:0.000	d_deg_s:0.000	pid_deg_s:0.488	speed_deg_s:0.000	u_deg_s:0.000	v_limit_deg_s:10.000	dt_ms:10.002	kp:2.0000	ki:0.0000	kd:0.0000	t_s:52.006
target_deg:10.000	position_deg:9.756	error_deg:0.244	p_deg_s:0.488	i_deg_s:0.000	d_deg_s:0.000	pid_deg_s:0.488	speed_deg_s:0.000	u_deg_s:0.000	v_limit_deg_s:10.000	dt_ms:10.000	kp:2.0000	ki:0.0000	kd:0.0000	t_s:52.106
target_deg:10.000	position_deg:9.756	error_deg:0.244	p_deg_s:0.488	i_deg_s:0.000	d_deg_s:0.000	pid_deg_s:0.488	speed_deg_s:0.000	u_deg_s:0.000	v_limit_deg_s:10.000	dt_ms:10.002	kp:2.0000	ki:0.0000	kd:0.0000	t_s:52.206
target_deg:10.000	position_deg:9.756	error_deg:0.244	p_deg_s:0.488	i_deg_s:0.000	d_deg_s:0.000	pid_deg_s:0.488	speed_deg_s:0.000	u_deg_s:0.000	v_limit_deg_s:10.000	dt_ms:10.001	kp:2.0000	ki:0.0000	kd:0.0000	t_s:52.306
target_deg:10.000	position_deg:9.756	error_deg:0.244	p_deg_s:0.488	i_deg_s:0.000	d_deg_s:0.000	pid_deg_s:0.488	speed_deg_s:0.000	u_deg_s:0.000	v_limit_deg_s:10.000	dt_ms:10.001	kp:2.0000	ki:0.0000	kd:0.0000	t_s:52.406
target_deg:10.000	position_deg:9.756	error_deg:0.244	p_deg_s:0.488	i_deg_s:0.000	d_deg_s:0.000	pid_deg_s:0.488	speed_deg_s:0.000	u_deg_s:0.000	v_limit_deg_s:10.000	dt_ms:10.002	kp:2.0000	ki:0.0000	kd:0.0000	t_s:52.506
target_deg:10.000	position_deg:9.756	error_deg:0.244	p_deg_s:0.488	i_deg_s:0.000	d_deg_s:0.000	pid_deg_s:0.488	speed_deg_s:0.000	u_deg_s:0.000	v_limit_deg_s:10.000	dt_ms:10.001	kp:2.0000	ki:0.0000	kd:0.0000	t_s:52.606
target_deg:10.000	position_deg:9.756	error_deg:0.244	p_deg_s:0.488	i_deg_s:0.000	d_deg_s:0.000	pid_deg_s:0.488	speed_deg_s:0.000	u_deg_s:0.000	v_limit_deg_s:10.000	dt_ms:10.001	kp:2.0000	ki:0.0000	kd:0.0000	t_s:52.706
target_deg:10.000	position_deg:9.756	error_deg:0.244	p_deg_s:0.488	i_deg_s:0.000	d_deg_s:0.000	pid_deg_s:0.488	speed_deg_s:0.000	u_deg_s:0.000	v_limit_deg_s:10.000	dt_ms:10.003	kp:2.0000	ki:0.0000	kd:0.0000	t_s:52.806
target_deg:10.000	position_deg:9.756	error_deg:0.244	p_deg_s:0.488	i_deg_s:0.000	d_deg_s:0.000	pid_deg_s:0.488	speed_deg_s:0.000	u_deg_s:0.000	v_limit_deg_s:10.000	dt_ms:10.002	kp:2.0000	ki:0.0000	kd:0.0000	t_s:52.907
target_deg:10.000	position_deg:9.756	error_deg:0.244	p_deg_s:0.488	i_deg_s:0.000	d_deg_s:0.000	pid_deg_s:0.488	speed_deg_s:0.000	u_deg_s:0.000	v_limit_deg_s:10.000	dt_ms:10.000	kp:2.0000	ki:0.0000	kd:0.0000	t_s:53.007
target_deg:10.000	position_deg:9.756	error_deg:0.244	p_deg_s:0.488	i_deg_s:0.000	d_deg_s:0.000	pid_deg_s:0.488	speed_deg_s:0.000	u_deg_s:0.000	v_limit_deg_s:10.000	dt_ms:10.002	kp:2.0000	ki:0.0000	kd:0.0000	t_s:53.107
target_deg:10.000	position_deg:9.756	error_deg:0.244	p_deg_s:0.488	i_deg_s:0.000	d_deg_s:0.000	pid_deg_s:0.488	speed_deg_s:0.000	u_deg_s:0.000	v_limit_deg_s:10.000	dt_ms:10.002	kp:2.0000	ki:0.0000	kd:0.0000	t_s:53.207
target_deg:10.000	position_deg:9.756	error_deg:0.244	p_deg_s:0.488	i_deg_s:0.000	d_deg_s:0.000	pid_deg_s:0.488	speed_deg_s:0.000	u_deg_s:0.000	v_limit_deg_s:10.000	dt_ms:10.001	kp:2.0000	ki:0.0000	kd:0.0000	t_s:53.307
target_deg:10.000	position_deg:9.756	error_deg:0.244	p_deg_s:0.488	i_deg_s:0.000	d_deg_s:0.000	pid_deg_s:0.488	speed_deg_s:0.000	u_deg_s:0.000	v_limit_deg_s:10.000	dt_ms:10.001	kp:2.0000	ki:0.0000	kd:0.0000	t_s:53.407
target_deg:10.000	position_deg:9.756	error_deg:0.244	p_deg_s:0.488	i_deg_s:0.000	d_deg_s:0.000	pid_deg_s:0.488	speed_deg_s:0.000	u_deg_s:0.000	v_limit_deg_s:10.000	dt_ms:10.001	kp:2.0000	ki:0.0000	kd:0.0000	t_s:53.507
target_deg:10.000	position_deg:9.756	error_deg:0.244	p_deg_s:0.488	i_deg_s:0.000	d_deg_s:0.000	pid_deg_s:0.488	speed_deg_s:0.000	u_deg_s:0.000	v_limit_deg_s:10.000	dt_ms:10.001	kp:2.0000	ki:0.0000	kd:0.0000	t_s:53.607
target_deg:10.000	position_deg:9.756	error_deg:0.244	p_deg_s:0.488	i_deg_s:0.000	d_deg_s:0.000	pid_deg_s:0.488	speed_deg_s:0.000	u_deg_s:0.000	v_limit_deg_s:10.000	dt_ms:10.001	kp:2.0000	ki:0.0000	kd:0.0000	t_s:53.707
target_deg:10.000	position_deg:9.756	error_deg:0.244	p_deg_s:0.488	i_deg_s:0.000	d_deg_s:0.000	pid_deg_s:0.488	speed_deg_s:0.000	u_deg_s:0.000	v_limit_deg_s:10.000	dt_ms:10.001	kp:2.0000	ki:0.0000	kd:0.0000	t_s:53.807
target_deg:10.000	position_deg:9.756	error_deg:0.244	p_deg_s:0.488	i_deg_s:0.000	d_deg_s:0.000	pid_deg_s:0.488	speed_deg_s:0.000	u_deg_s:0.000	v_limit_deg_s:10.000	dt_ms:10.002	kp:2.0000	ki:0.0000	kd:0.0000	t_s:53.907
target_deg:10.000	position_deg:9.756	error_deg:0.244	p_deg_s:0.488	i_deg_s:0.000	d_deg_s:0.000	pid_deg_s:0.488	speed_deg_s:0.000	u_deg_s:0.000	v_limit_deg_s:10.000	dt_ms:10.002	kp:2.0000	ki:0.0000	kd:0.0000	t_s:54.007
target_deg:10.000	position_deg:9.756	error_deg:0.244	p_deg_s:0.488	i_deg_s:0.000	d_deg_s:0.000	pid_deg_s:0.488	speed_deg_s:0.000	u_deg_s:0.000	v_limit_deg_s:10.000	dt_ms:10.002	kp:2.0000	ki:0.0000	kd:0.0000	t_s:54.107
target_deg:10.000	position_deg:9.756	error_deg:0.244	p_deg_s:0.488	i_deg_s:0.000	d_deg_s:0.000	pid_deg_s:0.488	speed_deg_s:0.000	u_deg_s:0.000	v_limit_deg_s:10.000	dt_ms:10.002	kp:2.0000	ki:0.0000	kd:0.0000	t_s:54.207
target_deg:10.000	position_deg:9.756	error_deg:0.244	p_deg_s:0.488	i_deg_s:0.000	d_deg_s:0.000	pid_deg_s:0.488	speed_deg_s:0.000	u_deg_s:0.000	v_limit_deg_s:10.000	dt_ms:10.001	kp:2.0000	ki:0.0000	kd:0.0000	t_s:54.307
target_deg:10.000	position_deg:9.756	error_deg:0.244	p_deg_s:0.488	i_deg_s:0.000	d_deg_s:0.000	pid_deg_s:0.488	speed_deg_s:0.000	u_deg_s:0.000	v_limit_deg_s:10.000	dt_ms:10.003	kp:2.0000	ki:0.0000	kd:0.0000	t_s:54.407
target_deg:10.000	position_deg:9.756	error_deg:0.244	p_deg_s:0.488	i_deg_s:0.000	d_deg_s:0.000	pid_deg_s:0.488	speed_deg_s:0.000	u_deg_s:0.000	v_limit_deg_s:10.000	dt_ms:10.001	kp:2.0000	ki:0.0000	kd:0.0000	t_s:54.507
target_deg:10.000	position_deg:9.668	error_deg:0.332	p_deg_s:0.664	i_deg_s:0.000	d_deg_s:0.000	pid_deg_s:0.664	speed_deg_s:0.000	u_deg_s:0.000	v_limit_deg_s:10.000	dt_ms:10.003	kp:2.0000	ki:0.0000	kd:0.0000	t_s:54.607
target_deg:10.000	position_deg:9.756	error_deg:0.244	p_deg_s:0.488	i_deg_s:0.000	d_deg_s:0.000	pid_deg_s:0.488	speed_deg_s:0.000	u_deg_s:0.000	v_limit_deg_s:10.000	dt_ms:10.001	kp:2.0000	ki:0.0000	kd:0.0000	t_s:54.707
target_deg:10.000	position_deg:9.668	error_deg:0.332	p_deg_s:0.664	i_deg_s:0.000	d_deg_s:0.000	pid_deg_s:0.664	speed_deg_s:0.000	u_deg_s:0.000	v_limit_deg_s:10.000	dt_ms:10.001	kp:2.0000	ki:0.0000	kd:0.0000	t_s:54.807
target_deg:10.000	position_deg:9.756	error_deg:0.244	p_deg_s:0.488	i_deg_s:0.000	d_deg_s:0.000	pid_deg_s:0.488	speed_deg_s:0.000	u_deg_s:0.000	v_limit_deg_s:10.000	dt_ms:10.000	kp:2.0000	ki:0.0000	kd:0.0000	t_s:54.907
target_deg:10.000	position_deg:9.756	error_deg:0.244	p_deg_s:0.488	i_deg_s:0.000	d_deg_s:0.000	pid_deg_s:0.488	speed_deg_s:0.000	u_deg_s:0.000	v_limit_deg_s:10.000	dt_ms:10.002	kp:2.0000	ki:0.0000	kd:0.0000	t_s:55.007
target_deg:10.000	position_deg:9.756	error_deg:0.244	p_deg_s:0.488	i_deg_s:0.000	d_deg_s:0.000	pid_deg_s:0.488	speed_deg_s:0.000	u_deg_s:0.000	v_limit_deg_s:10.000	dt_ms:10.002	kp:2.0000	ki:0.0000	kd:0.0000	t_s:55.107
target_deg:10.000	position_deg:9.756	error_deg:0.244	p_deg_s:0.488	i_deg_s:0.000	d_deg_s:0.000	pid_deg_s:0.488	speed_deg_s:0.000	u_deg_s:0.000	v_limit_deg_s:10.000	dt_ms:10.001	kp:2.0000	ki:0.0000	kd:0.0000	t_s:55.207
target_deg:10.000	position_deg:9.756	error_deg:0.244	p_deg_s:0.488	i_deg_s:0.000	d_deg_s:0.000	pid_deg_s:0.488	speed_deg_s:0.000	u_deg_s:0.000	v_limit_deg_s:10.000	dt_ms:10.002	kp:2.0000	ki:0.0000	kd:0.0000	t_s:55.307
target_deg:10.000	position_deg:9.756	error_deg:0.244	p_deg_s:0.488	i_deg_s:0.000	d_deg_s:0.000	pid_deg_s:0.488	speed_deg_s:0.000	u_deg_s:0.000	v_limit_deg_s:10.000	dt_ms:10.002	kp:2.0000	ki:0.0000	kd:0.0000	t_s:55.407
target_deg:10.000	position_deg:9.756	error_deg:0.244	p_deg_s:0.488	i_deg_s:0.000	d_deg_s:0.000	pid_deg_s:0.488	speed_deg_s:0.000	u_deg_s:0.000	v_limit_deg_s:10.000	dt_ms:10.000	kp:2.0000	ki:0.0000	kd:0.0000	t_s:55.507
target_deg:10.000	position_deg:9.756	error_deg:0.244	p_deg_s:0.488	i_deg_s:0.000	d_deg_s:0.000	pid_deg_s:0.488	speed_deg_s:0.000	u_deg_s:0.000	v_limit_deg_s:10.000	dt_ms:10.003	kp:2.0000	ki:0.0000	kd:0.0000	t_s:55.607
target_deg:10.000	position_deg:9.756	error_deg:0.244	p_deg_s:0.488	i_deg_s:0.000	d_deg_s:0.000	pid_deg_s:0.488	speed_deg_s:0.000	u_deg_s:0.000	v_limit_deg_s:10.000	dt_ms:10.002	kp:2.0000	ki:0.0000	kd:0.0000	t_s:55.707
target_deg:10.000	position_deg:9.756	error_deg:0.244	p_deg_s:0.488	i_deg_s:0.000	d_deg_s:0.000	pid_deg_s:0.488	speed_deg_s:0.000	u_deg_s:0.000	v_limit_deg_s:10.000	dt_ms:10.002	kp:2.0000	ki:0.0000	kd:0.0000	t_s:55.807
target_deg:10.000	position_deg:9.756	error_deg:0.244	p_deg_s:0.488	i_deg_s:0.000	d_deg_s:0.000	pid_deg_s:0.488	speed_deg_s:0.000	u_deg_s:0.000	v_limit_deg_s:10.000	dt_ms:10.001	kp:2.0000	ki:0.0000	kd:0.0000	t_s:55.907
target_deg:10.000	position_deg:9.756	error_deg:0.244	p_deg_s:0.488	i_deg_s:0.000	d_deg_s:0.000	pid_deg_s:0.488	speed_deg_s:0.000	u_deg_s:0.000	v_limit_deg_s:10.000	dt_ms:10.001	kp:2.0000	ki:0.0000	kd:0.0000	t_s:56.007
target_deg:10.000	position_deg:9.756	error_deg:0.244	p_deg_s:0.488	i_deg_s:0.000	d_deg_s:0.000	pid_deg_s:0.488	speed_deg_s:0.000	u_deg_s:0.000	v_limit_deg_s:10.000	dt_ms:10.002	kp:2.0000	ki:0.0000	kd:0.0000	t_s:56.107
target_deg:10.000	position_deg:9.756	error_deg:0.244	p_deg_s:0.488	i_deg_s:0.000	d_deg_s:0.000	pid_deg_s:0.488	speed_deg_s:0.000	u_deg_s:0.000	v_limit_deg_s:10.000	dt_ms:10.001	kp:2.0000	ki:0.0000	kd:0.0000	t_s:56.207
target_deg:10.000	position_deg:9.756	error_deg:0.244	p_deg_s:0.488	i_deg_s:0.000	d_deg_s:0.000	pid_deg_s:0.488	speed_deg_s:0.000	u_deg_s:0.000	v_limit_deg_s:10.000	dt_ms:10.000	kp:2.0000	ki:0.0000	kd:0.0000	t_s:56.307
target_deg:10.000	position_deg:9.756	error_deg:0.244	p_deg_s:0.488	i_deg_s:0.000	d_deg_s:0.000	pid_deg_s:0.488	speed_deg_s:0.000	u_deg_s:0.000	v_limit_deg_s:10.000	dt_ms:10.001	kp:2.0000	ki:0.0000	kd:0.0000	t_s:56.407
target_deg:10.000	position_deg:9.756	error_deg:0.244	p_deg_s:0.488	i_deg_s:0.000	d_deg_s:0.000	pid_deg_s:0.488	speed_deg_s:0.000	u_deg_s:0.000	v_limit_deg_s:10.000	dt_ms:10.001	kp:2.0000	ki:0.0000	kd:0.0000	t_s:56.507
target_deg:10.000	position_deg:9.756	error_deg:0.244	p_deg_s:0.488	i_deg_s:0.000	d_deg_s:0.000	pid_deg_s:0.488	speed_deg_s:0.000	u_deg_s:0.000	v_limit_deg_s:10.000	dt_ms:10.002	kp:2.0000	ki:0.0000	kd:0.0000	t_s:56.607
target_deg:10.000	position_deg:9.756	error_deg:0.244	p_deg_s:0.488	i_deg_s:0.000	d_deg_s:0.000	pid_deg_s:0.488	speed_deg_s:0.000	u_deg_s:0.000	v_limit_deg_s:10.000	dt_ms:10.000	kp:2.0000	ki:0.0000	kd:0.0000	t_s:56.707
target_deg:10.000	position_deg:9.756	error_deg:0.244	p_deg_s:0.488	i_deg_s:0.000	d_deg_s:0.000	pid_deg_s:0.488	speed_deg_s:0.000	u_deg_s:0.000	v_limit_deg_s:10.000	dt_ms:10.001	kp:2.0000	ki:0.0000	kd:0.0000	t_s:56.807
target_deg:10.000	position_deg:9.668	error_deg:0.332	p_deg_s:0.664	i_deg_s:0.000	d_deg_s:0.000	pid_deg_s:0.664	speed_deg_s:0.000	u_deg_s:0.000	v_limit_deg_s:10.000	dt_ms:10.001	kp:2.0000	ki:0.0000	kd:0.0000	t_s:56.907
target_deg:10.000	position_deg:9.756	error_deg:0.244	p_deg_s:0.488	i_deg_s:0.000	d_deg_s:0.000	pid_deg_s:0.488	speed_deg_s:0.000	u_deg_s:0.000	v_limit_deg_s:10.000	dt_ms:10.002	kp:2.0000	ki:0.0000	kd:0.0000	t_s:57.007
target_deg:10.000	position_deg:9.756	error_deg:0.244	p_deg_s:0.488	i_deg_s:0.000	d_deg_s:0.000	pid_deg_s:0.488	speed_deg_s:0.000	u_deg_s:0.000	v_limit_deg_s:10.000	dt_ms:10.001	kp:2.0000	ki:0.0000	kd:0.0000	t_s:57.107
target_deg:10.000	position_deg:9.756	error_deg:0.244	p_deg_s:0.488	i_deg_s:0.000	d_deg_s:0.000	pid_deg_s:0.488	speed_deg_s:0.000	u_deg_s:0.000	v_limit_deg_s:10.000	dt_ms:10.003	kp:2.0000	ki:0.0000	kd:0.0000	t_s:57.207
target_deg:10.000	position_deg:9.668	error_deg:0.332	p_deg_s:0.664	i_deg_s:0.000	d_deg_s:0.000	pid_deg_s:0.664	speed_deg_s:0.000	u_deg_s:0.000	v_limit_deg_s:10.000	dt_ms:10.001	kp:2.0000	ki:0.0000	kd:0.0000	t_s:57.307
target_deg:10.000	position_deg:9.756	error_deg:0.244	p_deg_s:0.488	i_deg_s:0.000	d_deg_s:0.000	pid_deg_s:0.488	speed_deg_s:0.000	u_deg_s:0.000	v_limit_deg_s:10.000	dt_ms:10.001	kp:2.0000	ki:0.0000	kd:0.0000	t_s:57.407
target_deg:10.000	position_deg:9.756	error_deg:0.244	p_deg_s:0.488	i_deg_s:0.000	d_deg_s:0.000	pid_deg_s:0.488	speed_deg_s:0.000	u_deg_s:0.000	v_limit_deg_s:10.000	dt_ms:10.001	kp:2.0000	ki:0.0000	kd:0.0000	t_s:57.507
target_deg:10.000	position_deg:9.756	error_deg:0.244	p_deg_s:0.488	i_deg_s:0.000	d_deg_s:0.000	pid_deg_s:0.488	speed_deg_s:0.000	u_deg_s:0.000	v_limit_deg_s:10.000	dt_ms:10.000	kp:2.0000	ki:0.0000	kd:0.0000	t_s:57.607
target_deg:10.000	position_deg:9.668	error_deg:0.332	p_deg_s:0.664	i_deg_s:0.000	d_deg_s:0.000	pid_deg_s:0.664	speed_deg_s:0.000	u_deg_s:0.000	v_limit_deg_s:10.000	dt_ms:10.002	kp:2.0000	ki:0.0000	kd:0.0000	t_s:57.707
target_deg:10.000	position_deg:9.756	error_deg:0.244	p_deg_s:0.488	i_deg_s:0.000	d_deg_s:0.000	pid_deg_s:0.488	speed_deg_s:0.000	u_deg_s:0.000	v_limit_deg_s:10.000	dt_ms:10.002	kp:2.0000	ki:0.0000	kd:0.0000	t_s:57.807
target_deg:10.000	position_deg:9.756	error_deg:0.244	p_deg_s:0.488	i_deg_s:0.000	d_deg_s:0.000	pid_deg_s:0.488	speed_deg_s:0.000	u_deg_s:0.000	v_limit_deg_s:10.000	dt_ms:10.002	kp:2.0000	ki:0.0000	kd:0.0000	t_s:57.907
target_deg:10.000	position_deg:9.756	error_deg:0.244	p_deg_s:0.488	i_deg_s:0.000	d_deg_s:0.000	pid_deg_s:0.488	speed_deg_s:0.000	u_deg_s:0.000	v_limit_deg_s:10.000	dt_ms:10.003	kp:2.0000	ki:0.0000	kd:0.0000	t_s:58.007
target_deg:10.000	position_deg:9.756	error_deg:0.244	p_deg_s:0.488	i_deg_s:0.000	d_deg_s:0.000	pid_deg_s:0.488	speed_deg_s:0.000	u_deg_s:0.000	v_limit_deg_s:10.000	dt_ms:10.002	kp:2.0000	ki:0.0000	kd:0.0000	t_s:58.107
target_deg:10.000	position_deg:9.756	error_deg:0.244	p_deg_s:0.488	i_deg_s:0.000	d_deg_s:0.000	pid_deg_s:0.488	speed_deg_s:0.000	u_deg_s:0.000	v_limit_deg_s:10.000	dt_ms:10.002	kp:2.0000	ki:0.0000	kd:0.0000	t_s:58.207
target_deg:10.000	position_deg:9.756	error_deg:0.244	p_deg_s:0.488	i_deg_s:0.000	d_deg_s:0.000	pid_deg_s:0.488	speed_deg_s:0.000	u_deg_s:0.000	v_limit_deg_s:10.000	dt_ms:10.000	kp:2.0000	ki:0.0000	kd:0.0000	t_s:58.307
target_deg:10.000	position_deg:9.756	error_deg:0.244	p_deg_s:0.488	i_deg_s:0.000	d_deg_s:0.000	pid_deg_s:0.488	speed_deg_s:0.000	u_deg_s:0.000	v_limit_deg_s:10.000	dt_ms:10.002	kp:2.0000	ki:0.0000	kd:0.0000	t_s:58.407
target_deg:10.000	position_deg:9.756	error_deg:0.244	p_deg_s:0.488	i_deg_s:0.000	d_deg_s:0.000	pid_deg_s:0.488	speed_deg_s:0.000	u_deg_s:0.000	v_limit_deg_s:10.000	dt_ms:10.001	kp:2.0000	ki:0.0000	kd:0.0000	t_s:58.507
target_deg:10.000	position_deg:9.756	error_deg:0.244	p_deg_s:0.488	i_deg_s:0.000	d_deg_s:0.000	pid_deg_s:0.488	speed_deg_s:0.000	u_deg_s:0.000	v_limit_deg_s:10.000	dt_ms:10.001	kp:2.0000	ki:0.0000	kd:0.0000	t_s:58.607
target_deg:10.000	position_deg:9.756	error_deg:0.244	p_deg_s:0.488	i_deg_s:0.000	d_deg_s:0.000	pid_deg_s:0.488	speed_deg_s:0.000	u_deg_s:0.000	v_limit_deg_s:10.000	dt_ms:10.000	kp:2.0000	ki:0.0000	kd:0.0000	t_s:58.707
target_deg:10.000	position_deg:9.756	error_deg:0.244	p_deg_s:0.488	i_deg_s:0.000	d_deg_s:0.000	pid_deg_s:0.488	speed_deg_s:0.000	u_deg_s:0.000	v_limit_deg_s:10.000	dt_ms:10.002	kp:2.0000	ki:0.0000	kd:0.0000	t_s:58.807
target_deg:10.000	position_deg:9.756	error_deg:0.244	p_deg_s:0.488	i_deg_s:0.000	d_deg_s:0.000	pid_deg_s:0.488	speed_deg_s:0.000	u_deg_s:0.000	v_limit_deg_s:10.000	dt_ms:10.001	kp:2.0000	ki:0.0000	kd:0.0000	t_s:58.907
target_deg:10.000	position_deg:9.756	error_deg:0.244	p_deg_s:0.488	i_deg_s:0.000	d_deg_s:0.000	pid_deg_s:0.488	speed_deg_s:0.000	u_deg_s:0.000	v_limit_deg_s:10.000	dt_ms:10.002	kp:2.0000	ki:0.0000	kd:0.0000	t_s:59.007
target_deg:10.000	position_deg:9.756	error_deg:0.244	p_deg_s:0.488	i_deg_s:0.000	d_deg_s:0.000	pid_deg_s:0.488	speed_deg_s:0.000	u_deg_s:0.000	v_limit_deg_s:10.000	dt_ms:10.002	kp:2.0000	ki:0.0000	kd:0.0000	t_s:59.107
target_deg:10.000	position_deg:9.756	error_deg:0.244	p_deg_s:0.488	i_deg_s:0.000	d_deg_s:0.000	pid_deg_s:0.488	speed_deg_s:0.000	u_deg_s:0.000	v_limit_deg_s:10.000	dt_ms:10.001	kp:2.0000	ki:0.0000	kd:0.0000	t_s:59.207
target_deg:10.000	position_deg:9.756	error_deg:0.244	p_deg_s:0.488	i_deg_s:0.000	d_deg_s:0.000	pid_deg_s:0.488	speed_deg_s:0.000	u_deg_s:0.000	v_limit_deg_s:10.000	dt_ms:10.001	kp:2.0000	ki:0.0000	kd:0.0000	t_s:59.307
target_deg:10.000	position_deg:9.756	error_deg:0.244	p_deg_s:0.488	i_deg_s:0.000	d_deg_s:0.000	pid_deg_s:0.488	speed_deg_s:0.000	u_deg_s:0.000	v_limit_deg_s:10.000	dt_ms:10.002	kp:2.0000	ki:0.0000	kd:0.0000	t_s:59.407
target_deg:10.000	position_deg:9.756	error_deg:0.244	p_deg_s:0.488	i_deg_s:0.000	d_deg_s:0.000	pid_deg_s:0.488	speed_deg_s:0.000	u_deg_s:0.000	v_limit_deg_s:10.000	dt_ms:10.002	kp:2.0000	ki:0.0000	kd:0.0000	t_s:59.507
target_deg:10.000	position_deg:9.756	error_deg:0.244	p_deg_s:0.488	i_deg_s:0.000	d_deg_s:0.000	pid_deg_s:0.488	speed_deg_s:0.000	u_deg_s:0.000	v_limit_deg_s:10.000	dt_ms:10.002	kp:2.0000	ki:0.0000	kd:0.0000	t_s:59.607
target_deg:10.000	position_deg:9.756	error_deg:0.244	p_deg_s:0.488	i_deg_s:0.000	d_deg_s:0.000	pid_deg_s:0.488	speed_deg_s:0.000	u_deg_s:0.000	v_limit_deg_s:10.000	dt_ms:10.001	kp:2.0000	ki:0.0000	kd:0.0000	t_s:59.707
target_deg:10.000	position_deg:9.756	error_deg:0.244	p_deg_s:0.488	i_deg_s:0.000	d_deg_s:0.000	pid_deg_s:0.488	speed_deg_s:0.000	u_deg_s:0.000	v_limit_deg_s:10.000	dt_ms:10.003	kp:2.0000	ki:0.0000	kd:0.0000	t_s:59.807
target_deg:10.000	position_deg:9.756	error_deg:0.244	p_deg_s:0.488	i_deg_s:0.000	d_deg_s:0.000	pid_deg_s:0.488	speed_deg_s:0.000	u_deg_s:0.000	v_limit_deg_s:10.000	dt_ms:10.000	kp:2.0000	ki:0.0000	kd:0.0000	t_s:59.907
STOP: time limit reached; torque off
